2024-07-12T00:25:10.389+09:00  INFO 21820 --- [main] c.e.t.TravelBackendApplication           : Starting TravelBackendApplication using Java 17.0.10 with PID 21820 (C:\Users\skyjo\IdeaProjects\travel_point\travel_backend\out\production\classes started by skyjo in C:\Users\skyjo\IdeaProjects\travel_point\travel_backend)
2024-07-12T00:25:10.395+09:00  INFO 21820 --- [main] c.e.t.TravelBackendApplication           : No active profile set, falling back to 1 default profile: "default"
2024-07-12T00:25:11.712+09:00  INFO 21820 --- [main] .s.d.r.c.RepositoryConfigurationDelegate : Bootstrapping Spring Data JPA repositories in DEFAULT mode.
2024-07-12T00:25:11.791+09:00  INFO 21820 --- [main] .s.d.r.c.RepositoryConfigurationDelegate : Finished Spring Data repository scanning in 67 ms. Found 6 JPA repository interfaces.
2024-07-12T00:25:12.252+09:00  INFO 21820 --- [main] o.s.b.w.embedded.tomcat.TomcatWebServer  : Tomcat initialized with port(s): 8080 (http)
2024-07-12T00:25:12.261+09:00  INFO 21820 --- [main] o.apache.catalina.core.StandardService   : Starting service [Tomcat]
2024-07-12T00:25:12.261+09:00  INFO 21820 --- [main] o.apache.catalina.core.StandardEngine    : Starting Servlet engine: [Apache Tomcat/10.1.12]
2024-07-12T00:25:12.352+09:00  INFO 21820 --- [main] o.a.c.c.C.[Tomcat].[localhost].[/]       : Initializing Spring embedded WebApplicationContext
2024-07-12T00:25:12.353+09:00  INFO 21820 --- [main] w.s.c.ServletWebServerApplicationContext : Root WebApplicationContext: initialization completed in 1921 ms
2024-07-12T00:25:12.495+09:00  INFO 21820 --- [main] o.hibernate.jpa.internal.util.LogHelper  : HHH000204: Processing PersistenceUnitInfo [name: default]
2024-07-12T00:25:12.537+09:00  INFO 21820 --- [main] org.hibernate.Version                    : HHH000412: Hibernate ORM core version 6.2.7.Final
2024-07-12T00:25:12.539+09:00  INFO 21820 --- [main] org.hibernate.cfg.Environment            : HHH000406: Using bytecode reflection optimizer
2024-07-12T00:25:12.658+09:00  INFO 21820 --- [main] o.h.b.i.BytecodeProviderInitiator        : HHH000021: Bytecode provider name : bytebuddy
2024-07-12T00:25:12.750+09:00  INFO 21820 --- [main] o.s.o.j.p.SpringPersistenceUnitInfo      : No LoadTimeWeaver setup: ignoring JPA class transformer
2024-07-12T00:25:12.761+09:00  INFO 21820 --- [main] com.zaxxer.hikari.HikariDataSource       : HikariPool-1 - Starting...
2024-07-12T00:25:13.052+09:00  INFO 21820 --- [main] com.zaxxer.hikari.pool.HikariPool        : HikariPool-1 - Added connection com.mysql.cj.jdbc.ConnectionImpl@3add5e17
2024-07-12T00:25:13.054+09:00  INFO 21820 --- [main] com.zaxxer.hikari.HikariDataSource       : HikariPool-1 - Start completed.
2024-07-12T00:25:13.281+09:00  INFO 21820 --- [main] o.h.b.i.BytecodeProviderInitiator        : HHH000021: Bytecode provider name : bytebuddy
2024-07-12T00:25:13.817+09:00  INFO 21820 --- [main] o.h.e.t.j.p.i.JtaPlatformInitiator       : HHH000490: Using JtaPlatform implementation: [org.hibernate.engine.transaction.jta.platform.internal.NoJtaPlatform]
2024-07-12T00:25:13.823+09:00  INFO 21820 --- [main] j.LocalContainerEntityManagerFactoryBean : Initialized JPA EntityManagerFactory for persistence unit 'default'
2024-07-12T00:25:14.026+09:00  WARN 21820 --- [main] ocalVariableTableParameterNameDiscoverer : Using deprecated '-debug' fallback for parameter name resolution. Compile the affected code with '-parameters' instead or avoid its introspection: com.example.travel_backend.repository.MemberRepository
2024-07-12T00:25:14.374+09:00  WARN 21820 --- [main] ocalVariableTableParameterNameDiscoverer : Using deprecated '-debug' fallback for parameter name resolution. Compile the affected code with '-parameters' instead or avoid its introspection: com.example.travel_backend.repository.FavoritesRepository
2024-07-12T00:25:14.453+09:00  INFO 21820 --- [main] o.s.d.j.r.query.QueryEnhancerFactory     : Hibernate is in classpath; If applicable, HQL parser will be used.
2024-07-12T00:25:14.630+09:00  WARN 21820 --- [main] ocalVariableTableParameterNameDiscoverer : Using deprecated '-debug' fallback for parameter name resolution. Compile the affected code with '-parameters' instead or avoid its introspection: com.example.travel_backend.repository.ReviewRepository
2024-07-12T00:25:14.675+09:00  WARN 21820 --- [main] ocalVariableTableParameterNameDiscoverer : Using deprecated '-debug' fallback for parameter name resolution. Compile the affected code with '-parameters' instead or avoid its introspection: com.example.travel_backend.repository.ReviewLikeRepository
2024-07-12T00:25:14.788+09:00  WARN 21820 --- [main] ocalVariableTableParameterNameDiscoverer : Using deprecated '-debug' fallback for parameter name resolution. Compile the affected code with '-parameters' instead or avoid its introspection: com.example.travel_backend.repository.ReportRepository
2024-07-12T00:25:14.998+09:00  WARN 21820 --- [main] JpaBaseConfiguration$JpaWebConfiguration : spring.jpa.open-in-view is enabled by default. Therefore, database queries may be performed during view rendering. Explicitly configure spring.jpa.open-in-view to disable this warning
2024-07-12T00:25:15.240+09:00  INFO 21820 --- [main] o.s.s.web.DefaultSecurityFilterChain     : Will secure any request with [org.springframework.security.web.session.DisableEncodeUrlFilter@78d72c9b, org.springframework.security.web.context.request.async.WebAsyncManagerIntegrationFilter@22d82fe8, org.springframework.security.web.context.SecurityContextHolderFilter@41f05f1, org.springframework.security.web.header.HeaderWriterFilter@3a42610, org.springframework.security.web.authentication.logout.LogoutFilter@68fe866b, org.springframework.security.oauth2.client.web.OAuth2AuthorizationRequestRedirectFilter@2cb3bc0e, org.springframework.security.oauth2.client.web.OAuth2LoginAuthenticationFilter@511f21f9, com.example.travel_backend.jwt.JwtAuthenticationFilter@2175111e, org.springframework.security.web.authentication.UsernamePasswordAuthenticationFilter@4460edf, org.springframework.security.web.authentication.ui.DefaultLoginPageGeneratingFilter@79c514e4, org.springframework.security.web.authentication.ui.DefaultLogoutPageGeneratingFilter@74c74c99, org.springframework.security.web.savedrequest.RequestCacheAwareFilter@25ee6683, org.springframework.security.web.servletapi.SecurityContextHolderAwareRequestFilter@44f433db, org.springframework.security.web.authentication.AnonymousAuthenticationFilter@35b5056e, org.springframework.security.web.session.SessionManagementFilter@610640e3, org.springframework.security.web.access.ExceptionTranslationFilter@150eab74, org.springframework.security.web.access.intercept.AuthorizationFilter@6cde3dac]
2024-07-12T00:25:15.534+09:00  INFO 21820 --- [main] o.s.b.w.embedded.tomcat.TomcatWebServer  : Tomcat started on port(s): 8080 (http) with context path ''
2024-07-12T00:25:15.542+09:00  INFO 21820 --- [main] c.e.t.TravelBackendApplication           : Started TravelBackendApplication in 5.522 seconds (process running for 6.28)
2024-07-12T00:27:22.882+09:00  INFO 21820 --- [SpringApplicationShutdownHook] j.LocalContainerEntityManagerFactoryBean : Closing JPA EntityManagerFactory for persistence unit 'default'
2024-07-12T00:27:22.884+09:00  INFO 21820 --- [SpringApplicationShutdownHook] com.zaxxer.hikari.HikariDataSource       : HikariPool-1 - Shutdown initiated...
2024-07-12T00:27:22.940+09:00  INFO 21820 --- [SpringApplicationShutdownHook] com.zaxxer.hikari.HikariDataSource       : HikariPool-1 - Shutdown completed.
2024-07-12T21:23:59.203+09:00  INFO 13036 --- [main] c.e.t.TravelBackendApplication           : Starting TravelBackendApplication using Java 17.0.10 with PID 13036 (C:\Users\skyjo\IdeaProjects\travel_point\travel_backend\out\production\classes started by skyjo in C:\Users\skyjo\IdeaProjects\travel_point\travel_backend)
2024-07-12T21:23:59.206+09:00  INFO 13036 --- [main] c.e.t.TravelBackendApplication           : No active profile set, falling back to 1 default profile: "default"
2024-07-12T21:24:00.839+09:00  INFO 13036 --- [main] .s.d.r.c.RepositoryConfigurationDelegate : Bootstrapping Spring Data JPA repositories in DEFAULT mode.
2024-07-12T21:24:00.938+09:00  INFO 13036 --- [main] .s.d.r.c.RepositoryConfigurationDelegate : Finished Spring Data repository scanning in 90 ms. Found 6 JPA repository interfaces.
2024-07-12T21:24:01.513+09:00  INFO 13036 --- [main] o.s.b.w.embedded.tomcat.TomcatWebServer  : Tomcat initialized with port(s): 8080 (http)
2024-07-12T21:24:01.520+09:00  INFO 13036 --- [main] o.apache.catalina.core.StandardService   : Starting service [Tomcat]
2024-07-12T21:24:01.520+09:00  INFO 13036 --- [main] o.apache.catalina.core.StandardEngine    : Starting Servlet engine: [Apache Tomcat/10.1.12]
2024-07-12T21:24:01.616+09:00  INFO 13036 --- [main] o.a.c.c.C.[Tomcat].[localhost].[/]       : Initializing Spring embedded WebApplicationContext
2024-07-12T21:24:01.616+09:00  INFO 13036 --- [main] w.s.c.ServletWebServerApplicationContext : Root WebApplicationContext: initialization completed in 2367 ms
2024-07-12T21:24:01.778+09:00  INFO 13036 --- [main] o.hibernate.jpa.internal.util.LogHelper  : HHH000204: Processing PersistenceUnitInfo [name: default]
2024-07-12T21:24:01.877+09:00  INFO 13036 --- [main] org.hibernate.Version                    : HHH000412: Hibernate ORM core version 6.2.7.Final
2024-07-12T21:24:01.880+09:00  INFO 13036 --- [main] org.hibernate.cfg.Environment            : HHH000406: Using bytecode reflection optimizer
2024-07-12T21:24:02.389+09:00  INFO 13036 --- [main] o.h.b.i.BytecodeProviderInitiator        : HHH000021: Bytecode provider name : bytebuddy
2024-07-12T21:24:02.512+09:00  INFO 13036 --- [main] o.s.o.j.p.SpringPersistenceUnitInfo      : No LoadTimeWeaver setup: ignoring JPA class transformer
2024-07-12T21:24:02.527+09:00  INFO 13036 --- [main] com.zaxxer.hikari.HikariDataSource       : HikariPool-1 - Starting...
2024-07-12T21:24:03.171+09:00  INFO 13036 --- [main] com.zaxxer.hikari.pool.HikariPool        : HikariPool-1 - Added connection com.mysql.cj.jdbc.ConnectionImpl@1c58d7be
2024-07-12T21:24:03.175+09:00  INFO 13036 --- [main] com.zaxxer.hikari.HikariDataSource       : HikariPool-1 - Start completed.
2024-07-12T21:24:03.590+09:00  INFO 13036 --- [main] o.h.b.i.BytecodeProviderInitiator        : HHH000021: Bytecode provider name : bytebuddy
2024-07-12T21:24:04.397+09:00  INFO 13036 --- [main] o.h.e.t.j.p.i.JtaPlatformInitiator       : HHH000490: Using JtaPlatform implementation: [org.hibernate.engine.transaction.jta.platform.internal.NoJtaPlatform]
2024-07-12T21:24:04.402+09:00  INFO 13036 --- [main] j.LocalContainerEntityManagerFactoryBean : Initialized JPA EntityManagerFactory for persistence unit 'default'
2024-07-12T21:24:04.704+09:00  WARN 13036 --- [main] ocalVariableTableParameterNameDiscoverer : Using deprecated '-debug' fallback for parameter name resolution. Compile the affected code with '-parameters' instead or avoid its introspection: com.example.travel_backend.repository.MemberRepository
2024-07-12T21:24:05.215+09:00  WARN 13036 --- [main] ocalVariableTableParameterNameDiscoverer : Using deprecated '-debug' fallback for parameter name resolution. Compile the affected code with '-parameters' instead or avoid its introspection: com.example.travel_backend.repository.FavoritesRepository
2024-07-12T21:24:05.320+09:00  INFO 13036 --- [main] o.s.d.j.r.query.QueryEnhancerFactory     : Hibernate is in classpath; If applicable, HQL parser will be used.
2024-07-12T21:24:05.588+09:00  WARN 13036 --- [main] ocalVariableTableParameterNameDiscoverer : Using deprecated '-debug' fallback for parameter name resolution. Compile the affected code with '-parameters' instead or avoid its introspection: com.example.travel_backend.repository.ReviewRepository
2024-07-12T21:24:05.654+09:00  WARN 13036 --- [main] ocalVariableTableParameterNameDiscoverer : Using deprecated '-debug' fallback for parameter name resolution. Compile the affected code with '-parameters' instead or avoid its introspection: com.example.travel_backend.repository.ReviewLikeRepository
2024-07-12T21:24:05.821+09:00  WARN 13036 --- [main] ocalVariableTableParameterNameDiscoverer : Using deprecated '-debug' fallback for parameter name resolution. Compile the affected code with '-parameters' instead or avoid its introspection: com.example.travel_backend.repository.ReportRepository
2024-07-12T21:24:06.136+09:00  WARN 13036 --- [main] JpaBaseConfiguration$JpaWebConfiguration : spring.jpa.open-in-view is enabled by default. Therefore, database queries may be performed during view rendering. Explicitly configure spring.jpa.open-in-view to disable this warning
2024-07-12T21:24:06.443+09:00  INFO 13036 --- [main] o.s.s.web.DefaultSecurityFilterChain     : Will secure any request with [org.springframework.security.web.session.DisableEncodeUrlFilter@3adbfd16, org.springframework.security.web.context.request.async.WebAsyncManagerIntegrationFilter@30587737, org.springframework.security.web.context.SecurityContextHolderFilter@365ad794, org.springframework.security.web.header.HeaderWriterFilter@1398e3aa, org.springframework.security.web.authentication.logout.LogoutFilter@38388639, org.springframework.security.oauth2.client.web.OAuth2AuthorizationRequestRedirectFilter@6cde3dac, org.springframework.security.oauth2.client.web.OAuth2LoginAuthenticationFilter@4460edf, com.example.travel_backend.jwt.JwtAuthenticationFilter@5672920, org.springframework.security.web.authentication.UsernamePasswordAuthenticationFilter@2f6bb6d8, org.springframework.security.web.authentication.ui.DefaultLoginPageGeneratingFilter@ffb8f15, org.springframework.security.web.authentication.ui.DefaultLogoutPageGeneratingFilter@377bc8da, org.springframework.security.web.savedrequest.RequestCacheAwareFilter@4528a8bf, org.springframework.security.web.servletapi.SecurityContextHolderAwareRequestFilter@1927c2c6, org.springframework.security.web.authentication.AnonymousAuthenticationFilter@522db06e, org.springframework.security.web.session.SessionManagementFilter@31c87223, org.springframework.security.web.access.ExceptionTranslationFilter@43a8dd9b, org.springframework.security.web.access.intercept.AuthorizationFilter@233d40da]
2024-07-12T21:24:06.814+09:00  INFO 13036 --- [main] o.s.b.w.embedded.tomcat.TomcatWebServer  : Tomcat started on port(s): 8080 (http) with context path ''
2024-07-12T21:24:06.823+09:00  INFO 13036 --- [main] c.e.t.TravelBackendApplication           : Started TravelBackendApplication in 8.126 seconds (process running for 12.027)
2024-07-12T21:27:12.711+09:00  INFO 13036 --- [http-nio-8080-exec-2] o.a.c.c.C.[Tomcat].[localhost].[/]       : Initializing Spring DispatcherServlet 'dispatcherServlet'
2024-07-12T21:27:12.711+09:00  INFO 13036 --- [http-nio-8080-exec-2] o.s.web.servlet.DispatcherServlet        : Initializing Servlet 'dispatcherServlet'
2024-07-12T21:27:12.713+09:00  INFO 13036 --- [http-nio-8080-exec-2] o.s.web.servlet.DispatcherServlet        : Completed initialization in 2 ms
2024-07-12T21:27:12.726+09:00 DEBUG 13036 --- [http-nio-8080-exec-2] c.e.t.jwt.JwtAuthenticationFilter        : JWT Token: null
2024-07-12T21:29:20.829+09:00 DEBUG 13036 --- [http-nio-8080-exec-6] c.e.t.jwt.JwtAuthenticationFilter        : JWT Token: null
2024-07-12T21:30:11.344+09:00 DEBUG 13036 --- [http-nio-8080-exec-8] c.e.t.jwt.JwtAuthenticationFilter        : JWT Token: null
2024-07-12T21:34:01.906+09:00 DEBUG 13036 --- [http-nio-8080-exec-2] c.e.t.jwt.JwtAuthenticationFilter        : JWT Token: null
2024-07-12T21:36:17.000+09:00 DEBUG 13036 --- [http-nio-8080-exec-5] c.e.t.jwt.JwtAuthenticationFilter        : JWT Token: null
2024-07-12T21:36:33.555+09:00 DEBUG 13036 --- [http-nio-8080-exec-7] c.e.t.jwt.JwtAuthenticationFilter        : JWT Token: null
2024-07-12T21:37:39.433+09:00 DEBUG 13036 --- [http-nio-8080-exec-1] c.e.t.jwt.JwtAuthenticationFilter        : JWT Token: eyJhbGciOiJIUzI1NiJ9.eyJzdWIiOiJza3lqb29uMkBuYXZlci5jb20iLCJhdXRoIjoiUk9MRV9VU0VSIiwiaWQiOjcxLCJjcmVhdGVEYXRlIjoxNzE4OTU5NTAwNjkzLCJ1c2VybmFtZSI6Im5hdmVyX1lwN2xoM05ZTWZlOF93d1NzeW9CdzFQU05QNENWR2EyampwQ1dRVmFXYmsiLCJ1c2VySW1nVXJsIjoiaHR0cHM6Ly9zc2wucHN0YXRpYy5uZXQvc3RhdGljL3B3ZS9hZGRyZXNzL2ltZ19wcm9maWxlLnBuZyIsImVtYWlsIjoic2t5am9vbjJAbmF2ZXIuY29tIiwicHJvdmlkZXIiOiJuYXZlciIsImV4cCI6MTcyMDc5NDk3N30.zKgovgVvk0ctSXDDYmXIsWAcjb_KsNKirPj3q6P0r9c
2024-07-12T21:37:39.433+09:00 DEBUG 13036 --- [http-nio-8080-exec-1] c.e.travel_backend.jwt.JwtTokenProvider  : Validating token: eyJhbGciOiJIUzI1NiJ9.eyJzdWIiOiJza3lqb29uMkBuYXZlci5jb20iLCJhdXRoIjoiUk9MRV9VU0VSIiwiaWQiOjcxLCJjcmVhdGVEYXRlIjoxNzE4OTU5NTAwNjkzLCJ1c2VybmFtZSI6Im5hdmVyX1lwN2xoM05ZTWZlOF93d1NzeW9CdzFQU05QNENWR2EyampwQ1dRVmFXYmsiLCJ1c2VySW1nVXJsIjoiaHR0cHM6Ly9zc2wucHN0YXRpYy5uZXQvc3RhdGljL3B3ZS9hZGRyZXNzL2ltZ19wcm9maWxlLnBuZyIsImVtYWlsIjoic2t5am9vbjJAbmF2ZXIuY29tIiwicHJvdmlkZXIiOiJuYXZlciIsImV4cCI6MTcyMDc5NDk3N30.zKgovgVvk0ctSXDDYmXIsWAcjb_KsNKirPj3q6P0r9c
2024-07-12T21:37:39.456+09:00 DEBUG 13036 --- [http-nio-8080-exec-1] c.e.travel_backend.jwt.JwtTokenProvider  : Claims: {sub=skyjoon2@naver.com, auth=ROLE_USER, id=71, createDate=1718959500693, username=naver_Yp7lh3NYMfe8_wwSsyoBw1PSNP4CVGa2jjpCWQVaWbk, userImgUrl=https://ssl.pstatic.net/static/pwe/address/img_profile.png, email=skyjoon2@naver.com, provider=naver, exp=1720794977}
2024-07-12T21:37:39.457+09:00 DEBUG 13036 --- [http-nio-8080-exec-1] c.e.travel_backend.jwt.JwtTokenProvider  : Extracted principal from token: org.springframework.security.core.userdetails.User [Username=skyjoon2@naver.com, Password=[PROTECTED], Enabled=true, AccountNonExpired=true, credentialsNonExpired=true, AccountNonLocked=true, Granted Authorities=[ROLE_USER]]
2024-07-12T21:38:04.524+09:00  INFO 13036 --- [SpringApplicationShutdownHook] j.LocalContainerEntityManagerFactoryBean : Closing JPA EntityManagerFactory for persistence unit 'default'
2024-07-12T21:38:04.528+09:00  INFO 13036 --- [SpringApplicationShutdownHook] com.zaxxer.hikari.HikariDataSource       : HikariPool-1 - Shutdown initiated...
2024-07-12T21:38:04.596+09:00  INFO 13036 --- [SpringApplicationShutdownHook] com.zaxxer.hikari.HikariDataSource       : HikariPool-1 - Shutdown completed.
2024-07-12T21:38:09.170+09:00  INFO 12784 --- [main] c.e.t.TravelBackendApplication           : Starting TravelBackendApplication using Java 17.0.10 with PID 12784 (C:\Users\skyjo\IdeaProjects\travel_point\travel_backend\out\production\classes started by skyjo in C:\Users\skyjo\IdeaProjects\travel_point\travel_backend)
2024-07-12T21:38:09.172+09:00  INFO 12784 --- [main] c.e.t.TravelBackendApplication           : No active profile set, falling back to 1 default profile: "default"
2024-07-12T21:38:09.933+09:00  INFO 12784 --- [main] .s.d.r.c.RepositoryConfigurationDelegate : Bootstrapping Spring Data JPA repositories in DEFAULT mode.
2024-07-12T21:38:10.005+09:00  INFO 12784 --- [main] .s.d.r.c.RepositoryConfigurationDelegate : Finished Spring Data repository scanning in 65 ms. Found 6 JPA repository interfaces.
2024-07-12T21:38:10.487+09:00  INFO 12784 --- [main] o.s.b.w.embedded.tomcat.TomcatWebServer  : Tomcat initialized with port(s): 8080 (http)
2024-07-12T21:38:10.496+09:00  INFO 12784 --- [main] o.apache.catalina.core.StandardService   : Starting service [Tomcat]
2024-07-12T21:38:10.496+09:00  INFO 12784 --- [main] o.apache.catalina.core.StandardEngine    : Starting Servlet engine: [Apache Tomcat/10.1.12]
2024-07-12T21:38:10.589+09:00  INFO 12784 --- [main] o.a.c.c.C.[Tomcat].[localhost].[/]       : Initializing Spring embedded WebApplicationContext
2024-07-12T21:38:10.590+09:00  INFO 12784 --- [main] w.s.c.ServletWebServerApplicationContext : Root WebApplicationContext: initialization completed in 1384 ms
2024-07-12T21:38:10.729+09:00  INFO 12784 --- [main] o.hibernate.jpa.internal.util.LogHelper  : HHH000204: Processing PersistenceUnitInfo [name: default]
2024-07-12T21:38:10.796+09:00  INFO 12784 --- [main] org.hibernate.Version                    : HHH000412: Hibernate ORM core version 6.2.7.Final
2024-07-12T21:38:10.798+09:00  INFO 12784 --- [main] org.hibernate.cfg.Environment            : HHH000406: Using bytecode reflection optimizer
2024-07-12T21:38:10.950+09:00  INFO 12784 --- [main] o.h.b.i.BytecodeProviderInitiator        : HHH000021: Bytecode provider name : bytebuddy
2024-07-12T21:38:11.058+09:00  INFO 12784 --- [main] o.s.o.j.p.SpringPersistenceUnitInfo      : No LoadTimeWeaver setup: ignoring JPA class transformer
2024-07-12T21:38:11.071+09:00  INFO 12784 --- [main] com.zaxxer.hikari.HikariDataSource       : HikariPool-1 - Starting...
2024-07-12T21:38:11.419+09:00  INFO 12784 --- [main] com.zaxxer.hikari.pool.HikariPool        : HikariPool-1 - Added connection com.mysql.cj.jdbc.ConnectionImpl@30fa8a6b
2024-07-12T21:38:11.421+09:00  INFO 12784 --- [main] com.zaxxer.hikari.HikariDataSource       : HikariPool-1 - Start completed.
2024-07-12T21:38:11.698+09:00  INFO 12784 --- [main] o.h.b.i.BytecodeProviderInitiator        : HHH000021: Bytecode provider name : bytebuddy
2024-07-12T21:38:12.304+09:00  INFO 12784 --- [main] o.h.e.t.j.p.i.JtaPlatformInitiator       : HHH000490: Using JtaPlatform implementation: [org.hibernate.engine.transaction.jta.platform.internal.NoJtaPlatform]
2024-07-12T21:38:12.308+09:00  INFO 12784 --- [main] j.LocalContainerEntityManagerFactoryBean : Initialized JPA EntityManagerFactory for persistence unit 'default'
2024-07-12T21:38:12.511+09:00  WARN 12784 --- [main] ocalVariableTableParameterNameDiscoverer : Using deprecated '-debug' fallback for parameter name resolution. Compile the affected code with '-parameters' instead or avoid its introspection: com.example.travel_backend.repository.MemberRepository
2024-07-12T21:38:12.801+09:00  WARN 12784 --- [main] ocalVariableTableParameterNameDiscoverer : Using deprecated '-debug' fallback for parameter name resolution. Compile the affected code with '-parameters' instead or avoid its introspection: com.example.travel_backend.repository.FavoritesRepository
2024-07-12T21:38:12.879+09:00  INFO 12784 --- [main] o.s.d.j.r.query.QueryEnhancerFactory     : Hibernate is in classpath; If applicable, HQL parser will be used.
2024-07-12T21:38:13.063+09:00  WARN 12784 --- [main] ocalVariableTableParameterNameDiscoverer : Using deprecated '-debug' fallback for parameter name resolution. Compile the affected code with '-parameters' instead or avoid its introspection: com.example.travel_backend.repository.ReviewRepository
2024-07-12T21:38:13.104+09:00  WARN 12784 --- [main] ocalVariableTableParameterNameDiscoverer : Using deprecated '-debug' fallback for parameter name resolution. Compile the affected code with '-parameters' instead or avoid its introspection: com.example.travel_backend.repository.ReviewLikeRepository
2024-07-12T21:38:13.205+09:00  WARN 12784 --- [main] ocalVariableTableParameterNameDiscoverer : Using deprecated '-debug' fallback for parameter name resolution. Compile the affected code with '-parameters' instead or avoid its introspection: com.example.travel_backend.repository.ReportRepository
2024-07-12T21:38:13.400+09:00  WARN 12784 --- [main] JpaBaseConfiguration$JpaWebConfiguration : spring.jpa.open-in-view is enabled by default. Therefore, database queries may be performed during view rendering. Explicitly configure spring.jpa.open-in-view to disable this warning
2024-07-12T21:38:13.637+09:00  INFO 12784 --- [main] o.s.s.web.DefaultSecurityFilterChain     : Will secure any request with [org.springframework.security.web.session.DisableEncodeUrlFilter@5e83badc, org.springframework.security.web.context.request.async.WebAsyncManagerIntegrationFilter@53eb4dae, org.springframework.security.web.context.SecurityContextHolderFilter@1a0b51e7, org.springframework.security.web.header.HeaderWriterFilter@3266c7cf, org.springframework.security.web.authentication.logout.LogoutFilter@5eb974, org.springframework.security.oauth2.client.web.OAuth2AuthorizationRequestRedirectFilter@377bc8da, org.springframework.security.oauth2.client.web.OAuth2LoginAuthenticationFilter@522db06e, com.example.travel_backend.jwt.JwtAuthenticationFilter@23df16cf, org.springframework.security.web.authentication.UsernamePasswordAuthenticationFilter@724945, org.springframework.security.web.authentication.ui.DefaultLoginPageGeneratingFilter@1107cbd8, org.springframework.security.web.authentication.ui.DefaultLogoutPageGeneratingFilter@3d980928, org.springframework.security.web.savedrequest.RequestCacheAwareFilter@5f49c09d, org.springframework.security.web.servletapi.SecurityContextHolderAwareRequestFilter@c197f46, org.springframework.security.web.authentication.AnonymousAuthenticationFilter@7e8e111d, org.springframework.security.web.session.SessionManagementFilter@66227940, org.springframework.security.web.access.ExceptionTranslationFilter@4528a8bf, org.springframework.security.web.access.intercept.AuthorizationFilter@7669d7a2]
2024-07-12T21:38:13.900+09:00  INFO 12784 --- [main] o.s.b.w.embedded.tomcat.TomcatWebServer  : Tomcat started on port(s): 8080 (http) with context path ''
2024-07-12T21:38:13.906+09:00  INFO 12784 --- [main] c.e.t.TravelBackendApplication           : Started TravelBackendApplication in 5.134 seconds (process running for 5.868)
2024-07-12T21:39:01.111+09:00  INFO 12784 --- [http-nio-8080-exec-2] o.a.c.c.C.[Tomcat].[localhost].[/]       : Initializing Spring DispatcherServlet 'dispatcherServlet'
2024-07-12T21:39:01.111+09:00  INFO 12784 --- [http-nio-8080-exec-2] o.s.web.servlet.DispatcherServlet        : Initializing Servlet 'dispatcherServlet'
2024-07-12T21:39:01.112+09:00  INFO 12784 --- [http-nio-8080-exec-2] o.s.web.servlet.DispatcherServlet        : Completed initialization in 1 ms
2024-07-12T21:39:01.125+09:00 DEBUG 12784 --- [http-nio-8080-exec-3] c.e.t.jwt.JwtAuthenticationFilter        : JWT Token: eyJhbGciOiJIUzI1NiJ9.eyJzdWIiOiJza3lqb29uMkBuYXZlci5jb20iLCJhdXRoIjoiUk9MRV9VU0VSIiwiaWQiOjcxLCJjcmVhdGVEYXRlIjoxNzE4OTU5NTAwNjkzLCJ1c2VybmFtZSI6Im5hdmVyX1lwN2xoM05ZTWZlOF93d1NzeW9CdzFQU05QNENWR2EyampwQ1dRVmFXYmsiLCJ1c2VySW1nVXJsIjoiaHR0cHM6Ly9zc2wucHN0YXRpYy5uZXQvc3RhdGljL3B3ZS9hZGRyZXNzL2ltZ19wcm9maWxlLnBuZyIsImVtYWlsIjoic2t5am9vbjJAbmF2ZXIuY29tIiwicHJvdmlkZXIiOiJuYXZlciIsImV4cCI6MTcyMDc5NDk3N30.zKgovgVvk0ctSXDDYmXIsWAcjb_KsNKirPj3q6P0r9c
2024-07-12T21:39:01.125+09:00 DEBUG 12784 --- [http-nio-8080-exec-3] c.e.travel_backend.jwt.JwtTokenProvider  : Validating token: eyJhbGciOiJIUzI1NiJ9.eyJzdWIiOiJza3lqb29uMkBuYXZlci5jb20iLCJhdXRoIjoiUk9MRV9VU0VSIiwiaWQiOjcxLCJjcmVhdGVEYXRlIjoxNzE4OTU5NTAwNjkzLCJ1c2VybmFtZSI6Im5hdmVyX1lwN2xoM05ZTWZlOF93d1NzeW9CdzFQU05QNENWR2EyampwQ1dRVmFXYmsiLCJ1c2VySW1nVXJsIjoiaHR0cHM6Ly9zc2wucHN0YXRpYy5uZXQvc3RhdGljL3B3ZS9hZGRyZXNzL2ltZ19wcm9maWxlLnBuZyIsImVtYWlsIjoic2t5am9vbjJAbmF2ZXIuY29tIiwicHJvdmlkZXIiOiJuYXZlciIsImV4cCI6MTcyMDc5NDk3N30.zKgovgVvk0ctSXDDYmXIsWAcjb_KsNKirPj3q6P0r9c
2024-07-12T21:39:01.161+09:00 DEBUG 12784 --- [http-nio-8080-exec-3] c.e.travel_backend.jwt.JwtTokenProvider  : Claims: {sub=skyjoon2@naver.com, auth=ROLE_USER, id=71, createDate=1718959500693, username=naver_Yp7lh3NYMfe8_wwSsyoBw1PSNP4CVGa2jjpCWQVaWbk, userImgUrl=https://ssl.pstatic.net/static/pwe/address/img_profile.png, email=skyjoon2@naver.com, provider=naver, exp=1720794977}
2024-07-12T21:39:01.162+09:00 DEBUG 12784 --- [http-nio-8080-exec-3] c.e.travel_backend.jwt.JwtTokenProvider  : Extracted principal from token: org.springframework.security.core.userdetails.User [Username=skyjoon2@naver.com, Password=[PROTECTED], Enabled=true, AccountNonExpired=true, credentialsNonExpired=true, AccountNonLocked=true, Granted Authorities=[ROLE_USER]]
2024-07-12T21:39:04.269+09:00 DEBUG 12784 --- [http-nio-8080-exec-4] c.e.t.jwt.JwtAuthenticationFilter        : JWT Token: null
2024-07-12T21:39:27.503+09:00 DEBUG 12784 --- [http-nio-8080-exec-6] c.e.t.jwt.JwtAuthenticationFilter        : JWT Token: eyJhbGciOiJIUzI1NiJ9.eyJzdWIiOiJza3lqb29uMkBuYXZlci5jb20iLCJhdXRoIjoiUk9MRV9VU0VSIiwiaWQiOjcxLCJjcmVhdGVEYXRlIjoxNzE4OTU5NTAwNjkzLCJ1c2VybmFtZSI6Im5hdmVyX1lwN2xoM05ZTWZlOF93d1NzeW9CdzFQU05QNENWR2EyampwQ1dRVmFXYmsiLCJ1c2VySW1nVXJsIjoiaHR0cHM6Ly9zc2wucHN0YXRpYy5uZXQvc3RhdGljL3B3ZS9hZGRyZXNzL2ltZ19wcm9maWxlLnBuZyIsImVtYWlsIjoic2t5am9vbjJAbmF2ZXIuY29tIiwicHJvdmlkZXIiOiJuYXZlciIsImV4cCI6MTcyMDc5NTE0NH0.XZA4fN6hdL3vLIjToHBiKM3Xa5D4IP4F1qDuRWzV4BY
2024-07-12T21:39:27.503+09:00 DEBUG 12784 --- [http-nio-8080-exec-6] c.e.travel_backend.jwt.JwtTokenProvider  : Validating token: eyJhbGciOiJIUzI1NiJ9.eyJzdWIiOiJza3lqb29uMkBuYXZlci5jb20iLCJhdXRoIjoiUk9MRV9VU0VSIiwiaWQiOjcxLCJjcmVhdGVEYXRlIjoxNzE4OTU5NTAwNjkzLCJ1c2VybmFtZSI6Im5hdmVyX1lwN2xoM05ZTWZlOF93d1NzeW9CdzFQU05QNENWR2EyampwQ1dRVmFXYmsiLCJ1c2VySW1nVXJsIjoiaHR0cHM6Ly9zc2wucHN0YXRpYy5uZXQvc3RhdGljL3B3ZS9hZGRyZXNzL2ltZ19wcm9maWxlLnBuZyIsImVtYWlsIjoic2t5am9vbjJAbmF2ZXIuY29tIiwicHJvdmlkZXIiOiJuYXZlciIsImV4cCI6MTcyMDc5NTE0NH0.XZA4fN6hdL3vLIjToHBiKM3Xa5D4IP4F1qDuRWzV4BY
2024-07-12T21:39:27.506+09:00 DEBUG 12784 --- [http-nio-8080-exec-6] c.e.travel_backend.jwt.JwtTokenProvider  : Claims: {sub=skyjoon2@naver.com, auth=ROLE_USER, id=71, createDate=1718959500693, username=naver_Yp7lh3NYMfe8_wwSsyoBw1PSNP4CVGa2jjpCWQVaWbk, userImgUrl=https://ssl.pstatic.net/static/pwe/address/img_profile.png, email=skyjoon2@naver.com, provider=naver, exp=1720795144}
2024-07-12T21:39:27.506+09:00 DEBUG 12784 --- [http-nio-8080-exec-6] c.e.travel_backend.jwt.JwtTokenProvider  : Extracted principal from token: org.springframework.security.core.userdetails.User [Username=skyjoon2@naver.com, Password=[PROTECTED], Enabled=true, AccountNonExpired=true, credentialsNonExpired=true, AccountNonLocked=true, Granted Authorities=[ROLE_USER]]
2024-07-12T21:39:46.594+09:00 DEBUG 12784 --- [http-nio-8080-exec-8] c.e.t.jwt.JwtAuthenticationFilter        : JWT Token: eyJhbGciOiJIUzI1NiJ9.eyJzdWIiOiJza3lqb29uMkBuYXZlci5jb20iLCJhdXRoIjoiUk9MRV9VU0VSIiwiaWQiOjcxLCJjcmVhdGVEYXRlIjoxNzE4OTU5NTAwNjkzLCJ1c2VybmFtZSI6Im5hdmVyX1lwN2xoM05ZTWZlOF93d1NzeW9CdzFQU05QNENWR2EyampwQ1dRVmFXYmsiLCJ1c2VySW1nVXJsIjoiaHR0cHM6Ly9zc2wucHN0YXRpYy5uZXQvc3RhdGljL3B3ZS9hZGRyZXNzL2ltZ19wcm9maWxlLnBuZyIsImVtYWlsIjoic2t5am9vbjJAbmF2ZXIuY29tIiwicHJvdmlkZXIiOiJuYXZlciIsImV4cCI6MTcyMDc5NTE0NH0.XZA4fN6hdL3vLIjToHBiKM3Xa5D4IP4F1qDuRWzV4BY
2024-07-12T21:39:46.595+09:00 DEBUG 12784 --- [http-nio-8080-exec-8] c.e.travel_backend.jwt.JwtTokenProvider  : Validating token: eyJhbGciOiJIUzI1NiJ9.eyJzdWIiOiJza3lqb29uMkBuYXZlci5jb20iLCJhdXRoIjoiUk9MRV9VU0VSIiwiaWQiOjcxLCJjcmVhdGVEYXRlIjoxNzE4OTU5NTAwNjkzLCJ1c2VybmFtZSI6Im5hdmVyX1lwN2xoM05ZTWZlOF93d1NzeW9CdzFQU05QNENWR2EyampwQ1dRVmFXYmsiLCJ1c2VySW1nVXJsIjoiaHR0cHM6Ly9zc2wucHN0YXRpYy5uZXQvc3RhdGljL3B3ZS9hZGRyZXNzL2ltZ19wcm9maWxlLnBuZyIsImVtYWlsIjoic2t5am9vbjJAbmF2ZXIuY29tIiwicHJvdmlkZXIiOiJuYXZlciIsImV4cCI6MTcyMDc5NTE0NH0.XZA4fN6hdL3vLIjToHBiKM3Xa5D4IP4F1qDuRWzV4BY
2024-07-12T21:39:46.597+09:00 DEBUG 12784 --- [http-nio-8080-exec-8] c.e.travel_backend.jwt.JwtTokenProvider  : Claims: {sub=skyjoon2@naver.com, auth=ROLE_USER, id=71, createDate=1718959500693, username=naver_Yp7lh3NYMfe8_wwSsyoBw1PSNP4CVGa2jjpCWQVaWbk, userImgUrl=https://ssl.pstatic.net/static/pwe/address/img_profile.png, email=skyjoon2@naver.com, provider=naver, exp=1720795144}
2024-07-12T21:39:46.598+09:00 DEBUG 12784 --- [http-nio-8080-exec-8] c.e.travel_backend.jwt.JwtTokenProvider  : Extracted principal from token: org.springframework.security.core.userdetails.User [Username=skyjoon2@naver.com, Password=[PROTECTED], Enabled=true, AccountNonExpired=true, credentialsNonExpired=true, AccountNonLocked=true, Granted Authorities=[ROLE_USER]]
2024-07-12T21:41:27.538+09:00  INFO 12784 --- [SpringApplicationShutdownHook] j.LocalContainerEntityManagerFactoryBean : Closing JPA EntityManagerFactory for persistence unit 'default'
2024-07-12T21:41:27.540+09:00  INFO 12784 --- [SpringApplicationShutdownHook] com.zaxxer.hikari.HikariDataSource       : HikariPool-1 - Shutdown initiated...
2024-07-12T21:41:27.636+09:00  INFO 12784 --- [SpringApplicationShutdownHook] com.zaxxer.hikari.HikariDataSource       : HikariPool-1 - Shutdown completed.
2024-07-12T21:41:31.648+09:00  INFO 6088 --- [main] c.e.t.TravelBackendApplication           : Starting TravelBackendApplication using Java 17.0.10 with PID 6088 (C:\Users\skyjo\IdeaProjects\travel_point\travel_backend\out\production\classes started by skyjo in C:\Users\skyjo\IdeaProjects\travel_point\travel_backend)
2024-07-12T21:41:31.650+09:00  INFO 6088 --- [main] c.e.t.TravelBackendApplication           : No active profile set, falling back to 1 default profile: "default"
2024-07-12T21:41:32.330+09:00  INFO 6088 --- [main] .s.d.r.c.RepositoryConfigurationDelegate : Bootstrapping Spring Data JPA repositories in DEFAULT mode.
2024-07-12T21:41:32.399+09:00  INFO 6088 --- [main] .s.d.r.c.RepositoryConfigurationDelegate : Finished Spring Data repository scanning in 62 ms. Found 6 JPA repository interfaces.
2024-07-12T21:41:32.845+09:00  INFO 6088 --- [main] o.s.b.w.embedded.tomcat.TomcatWebServer  : Tomcat initialized with port(s): 8080 (http)
2024-07-12T21:41:32.852+09:00  INFO 6088 --- [main] o.apache.catalina.core.StandardService   : Starting service [Tomcat]
2024-07-12T21:41:32.852+09:00  INFO 6088 --- [main] o.apache.catalina.core.StandardEngine    : Starting Servlet engine: [Apache Tomcat/10.1.12]
2024-07-12T21:41:32.933+09:00  INFO 6088 --- [main] o.a.c.c.C.[Tomcat].[localhost].[/]       : Initializing Spring embedded WebApplicationContext
2024-07-12T21:41:32.933+09:00  INFO 6088 --- [main] w.s.c.ServletWebServerApplicationContext : Root WebApplicationContext: initialization completed in 1250 ms
2024-07-12T21:41:33.069+09:00  INFO 6088 --- [main] o.hibernate.jpa.internal.util.LogHelper  : HHH000204: Processing PersistenceUnitInfo [name: default]
2024-07-12T21:41:33.107+09:00  INFO 6088 --- [main] org.hibernate.Version                    : HHH000412: Hibernate ORM core version 6.2.7.Final
2024-07-12T21:41:33.109+09:00  INFO 6088 --- [main] org.hibernate.cfg.Environment            : HHH000406: Using bytecode reflection optimizer
2024-07-12T21:41:33.214+09:00  INFO 6088 --- [main] o.h.b.i.BytecodeProviderInitiator        : HHH000021: Bytecode provider name : bytebuddy
2024-07-12T21:41:33.297+09:00  INFO 6088 --- [main] o.s.o.j.p.SpringPersistenceUnitInfo      : No LoadTimeWeaver setup: ignoring JPA class transformer
2024-07-12T21:41:33.307+09:00  INFO 6088 --- [main] com.zaxxer.hikari.HikariDataSource       : HikariPool-1 - Starting...
2024-07-12T21:41:33.579+09:00  INFO 6088 --- [main] com.zaxxer.hikari.pool.HikariPool        : HikariPool-1 - Added connection com.mysql.cj.jdbc.ConnectionImpl@4cc4d454
2024-07-12T21:41:33.581+09:00  INFO 6088 --- [main] com.zaxxer.hikari.HikariDataSource       : HikariPool-1 - Start completed.
2024-07-12T21:41:33.859+09:00  INFO 6088 --- [main] o.h.b.i.BytecodeProviderInitiator        : HHH000021: Bytecode provider name : bytebuddy
2024-07-12T21:41:34.477+09:00  INFO 6088 --- [main] o.h.e.t.j.p.i.JtaPlatformInitiator       : HHH000490: Using JtaPlatform implementation: [org.hibernate.engine.transaction.jta.platform.internal.NoJtaPlatform]
2024-07-12T21:41:34.480+09:00  INFO 6088 --- [main] j.LocalContainerEntityManagerFactoryBean : Initialized JPA EntityManagerFactory for persistence unit 'default'
2024-07-12T21:41:34.689+09:00  WARN 6088 --- [main] ocalVariableTableParameterNameDiscoverer : Using deprecated '-debug' fallback for parameter name resolution. Compile the affected code with '-parameters' instead or avoid its introspection: com.example.travel_backend.repository.MemberRepository
2024-07-12T21:41:34.956+09:00  WARN 6088 --- [main] ocalVariableTableParameterNameDiscoverer : Using deprecated '-debug' fallback for parameter name resolution. Compile the affected code with '-parameters' instead or avoid its introspection: com.example.travel_backend.repository.FavoritesRepository
2024-07-12T21:41:35.041+09:00  INFO 6088 --- [main] o.s.d.j.r.query.QueryEnhancerFactory     : Hibernate is in classpath; If applicable, HQL parser will be used.
2024-07-12T21:41:35.252+09:00  WARN 6088 --- [main] ocalVariableTableParameterNameDiscoverer : Using deprecated '-debug' fallback for parameter name resolution. Compile the affected code with '-parameters' instead or avoid its introspection: com.example.travel_backend.repository.ReviewRepository
2024-07-12T21:41:35.297+09:00  WARN 6088 --- [main] ocalVariableTableParameterNameDiscoverer : Using deprecated '-debug' fallback for parameter name resolution. Compile the affected code with '-parameters' instead or avoid its introspection: com.example.travel_backend.repository.ReviewLikeRepository
2024-07-12T21:41:35.408+09:00  WARN 6088 --- [main] ocalVariableTableParameterNameDiscoverer : Using deprecated '-debug' fallback for parameter name resolution. Compile the affected code with '-parameters' instead or avoid its introspection: com.example.travel_backend.repository.ReportRepository
2024-07-12T21:41:35.603+09:00  WARN 6088 --- [main] JpaBaseConfiguration$JpaWebConfiguration : spring.jpa.open-in-view is enabled by default. Therefore, database queries may be performed during view rendering. Explicitly configure spring.jpa.open-in-view to disable this warning
2024-07-12T21:41:35.833+09:00  INFO 6088 --- [main] o.s.s.web.DefaultSecurityFilterChain     : Will secure any request with [org.springframework.security.web.session.DisableEncodeUrlFilter@22d82fe8, org.springframework.security.web.context.request.async.WebAsyncManagerIntegrationFilter@2175111e, org.springframework.security.web.context.SecurityContextHolderFilter@362d91ef, org.springframework.security.web.header.HeaderWriterFilter@25ee6683, org.springframework.security.web.authentication.logout.LogoutFilter@729feae8, org.springframework.security.oauth2.client.web.OAuth2AuthorizationRequestRedirectFilter@511f21f9, org.springframework.security.oauth2.client.web.OAuth2LoginAuthenticationFilter@5f97d43e, com.example.travel_backend.jwt.JwtAuthenticationFilter@74c74c99, org.springframework.security.web.authentication.UsernamePasswordAuthenticationFilter@4a48fe63, org.springframework.security.web.authentication.ui.DefaultLoginPageGeneratingFilter@10faebc9, org.springframework.security.web.authentication.ui.DefaultLogoutPageGeneratingFilter@35b5056e, org.springframework.security.web.savedrequest.RequestCacheAwareFilter@3af1b643, org.springframework.security.web.servletapi.SecurityContextHolderAwareRequestFilter@79c514e4, org.springframework.security.web.authentication.AnonymousAuthenticationFilter@56f1db5f, org.springframework.security.web.session.SessionManagementFilter@38388639, org.springframework.security.web.access.ExceptionTranslationFilter@95f61c2, org.springframework.security.web.access.intercept.AuthorizationFilter@4460edf]
2024-07-12T21:41:36.155+09:00  INFO 6088 --- [main] o.s.b.w.embedded.tomcat.TomcatWebServer  : Tomcat started on port(s): 8080 (http) with context path ''
2024-07-12T21:41:36.161+09:00  INFO 6088 --- [main] c.e.t.TravelBackendApplication           : Started TravelBackendApplication in 4.877 seconds (process running for 5.591)
2024-07-12T21:41:53.839+09:00  INFO 6088 --- [http-nio-8080-exec-2] o.a.c.c.C.[Tomcat].[localhost].[/]       : Initializing Spring DispatcherServlet 'dispatcherServlet'
2024-07-12T21:41:53.839+09:00  INFO 6088 --- [http-nio-8080-exec-2] o.s.web.servlet.DispatcherServlet        : Initializing Servlet 'dispatcherServlet'
2024-07-12T21:41:53.840+09:00  INFO 6088 --- [http-nio-8080-exec-2] o.s.web.servlet.DispatcherServlet        : Completed initialization in 1 ms
2024-07-12T21:41:53.850+09:00 DEBUG 6088 --- [http-nio-8080-exec-2] c.e.t.jwt.JwtAuthenticationFilter        : JWT Token: null
2024-07-12T21:43:42.141+09:00  INFO 6088 --- [SpringApplicationShutdownHook] j.LocalContainerEntityManagerFactoryBean : Closing JPA EntityManagerFactory for persistence unit 'default'
2024-07-12T21:43:42.143+09:00  INFO 6088 --- [SpringApplicationShutdownHook] com.zaxxer.hikari.HikariDataSource       : HikariPool-1 - Shutdown initiated...
2024-07-12T21:43:42.234+09:00  INFO 6088 --- [SpringApplicationShutdownHook] com.zaxxer.hikari.HikariDataSource       : HikariPool-1 - Shutdown completed.
2024-07-12T21:43:46.468+09:00  INFO 23048 --- [main] c.e.t.TravelBackendApplication           : Starting TravelBackendApplication using Java 17.0.10 with PID 23048 (C:\Users\skyjo\IdeaProjects\travel_point\travel_backend\out\production\classes started by skyjo in C:\Users\skyjo\IdeaProjects\travel_point\travel_backend)
2024-07-12T21:43:46.470+09:00  INFO 23048 --- [main] c.e.t.TravelBackendApplication           : No active profile set, falling back to 1 default profile: "default"
2024-07-12T21:43:47.170+09:00  INFO 23048 --- [main] .s.d.r.c.RepositoryConfigurationDelegate : Bootstrapping Spring Data JPA repositories in DEFAULT mode.
2024-07-12T21:43:47.237+09:00  INFO 23048 --- [main] .s.d.r.c.RepositoryConfigurationDelegate : Finished Spring Data repository scanning in 61 ms. Found 6 JPA repository interfaces.
2024-07-12T21:43:47.690+09:00  INFO 23048 --- [main] o.s.b.w.embedded.tomcat.TomcatWebServer  : Tomcat initialized with port(s): 8080 (http)
2024-07-12T21:43:47.696+09:00  INFO 23048 --- [main] o.apache.catalina.core.StandardService   : Starting service [Tomcat]
2024-07-12T21:43:47.697+09:00  INFO 23048 --- [main] o.apache.catalina.core.StandardEngine    : Starting Servlet engine: [Apache Tomcat/10.1.12]
2024-07-12T21:43:47.780+09:00  INFO 23048 --- [main] o.a.c.c.C.[Tomcat].[localhost].[/]       : Initializing Spring embedded WebApplicationContext
2024-07-12T21:43:47.780+09:00  INFO 23048 --- [main] w.s.c.ServletWebServerApplicationContext : Root WebApplicationContext: initialization completed in 1276 ms
2024-07-12T21:43:47.902+09:00  INFO 23048 --- [main] o.hibernate.jpa.internal.util.LogHelper  : HHH000204: Processing PersistenceUnitInfo [name: default]
2024-07-12T21:43:47.942+09:00  INFO 23048 --- [main] org.hibernate.Version                    : HHH000412: Hibernate ORM core version 6.2.7.Final
2024-07-12T21:43:47.944+09:00  INFO 23048 --- [main] org.hibernate.cfg.Environment            : HHH000406: Using bytecode reflection optimizer
2024-07-12T21:43:48.057+09:00  INFO 23048 --- [main] o.h.b.i.BytecodeProviderInitiator        : HHH000021: Bytecode provider name : bytebuddy
2024-07-12T21:43:48.144+09:00  INFO 23048 --- [main] o.s.o.j.p.SpringPersistenceUnitInfo      : No LoadTimeWeaver setup: ignoring JPA class transformer
2024-07-12T21:43:48.154+09:00  INFO 23048 --- [main] com.zaxxer.hikari.HikariDataSource       : HikariPool-1 - Starting...
2024-07-12T21:43:48.467+09:00  INFO 23048 --- [main] com.zaxxer.hikari.pool.HikariPool        : HikariPool-1 - Added connection com.mysql.cj.jdbc.ConnectionImpl@6f112f70
2024-07-12T21:43:48.469+09:00  INFO 23048 --- [main] com.zaxxer.hikari.HikariDataSource       : HikariPool-1 - Start completed.
2024-07-12T21:43:48.731+09:00  INFO 23048 --- [main] o.h.b.i.BytecodeProviderInitiator        : HHH000021: Bytecode provider name : bytebuddy
2024-07-12T21:43:49.282+09:00  INFO 23048 --- [main] o.h.e.t.j.p.i.JtaPlatformInitiator       : HHH000490: Using JtaPlatform implementation: [org.hibernate.engine.transaction.jta.platform.internal.NoJtaPlatform]
2024-07-12T21:43:49.285+09:00  INFO 23048 --- [main] j.LocalContainerEntityManagerFactoryBean : Initialized JPA EntityManagerFactory for persistence unit 'default'
2024-07-12T21:43:49.482+09:00  WARN 23048 --- [main] ocalVariableTableParameterNameDiscoverer : Using deprecated '-debug' fallback for parameter name resolution. Compile the affected code with '-parameters' instead or avoid its introspection: com.example.travel_backend.repository.MemberRepository
2024-07-12T21:43:49.753+09:00  WARN 23048 --- [main] ocalVariableTableParameterNameDiscoverer : Using deprecated '-debug' fallback for parameter name resolution. Compile the affected code with '-parameters' instead or avoid its introspection: com.example.travel_backend.repository.FavoritesRepository
2024-07-12T21:43:49.826+09:00  INFO 23048 --- [main] o.s.d.j.r.query.QueryEnhancerFactory     : Hibernate is in classpath; If applicable, HQL parser will be used.
2024-07-12T21:43:50.028+09:00  WARN 23048 --- [main] ocalVariableTableParameterNameDiscoverer : Using deprecated '-debug' fallback for parameter name resolution. Compile the affected code with '-parameters' instead or avoid its introspection: com.example.travel_backend.repository.ReviewRepository
2024-07-12T21:43:50.076+09:00  WARN 23048 --- [main] ocalVariableTableParameterNameDiscoverer : Using deprecated '-debug' fallback for parameter name resolution. Compile the affected code with '-parameters' instead or avoid its introspection: com.example.travel_backend.repository.ReviewLikeRepository
2024-07-12T21:43:50.180+09:00  WARN 23048 --- [main] ocalVariableTableParameterNameDiscoverer : Using deprecated '-debug' fallback for parameter name resolution. Compile the affected code with '-parameters' instead or avoid its introspection: com.example.travel_backend.repository.ReportRepository
2024-07-12T21:43:50.369+09:00  WARN 23048 --- [main] JpaBaseConfiguration$JpaWebConfiguration : spring.jpa.open-in-view is enabled by default. Therefore, database queries may be performed during view rendering. Explicitly configure spring.jpa.open-in-view to disable this warning
2024-07-12T21:43:50.606+09:00  INFO 23048 --- [main] o.s.s.web.DefaultSecurityFilterChain     : Will secure any request with [org.springframework.security.web.session.DisableEncodeUrlFilter@511f21f9, org.springframework.security.web.context.request.async.WebAsyncManagerIntegrationFilter@5f97d43e, org.springframework.security.web.context.SecurityContextHolderFilter@2be9425f, org.springframework.security.web.header.HeaderWriterFilter@6311640d, org.springframework.security.web.authentication.logout.LogoutFilter@7669d7a2, org.springframework.security.oauth2.client.web.OAuth2AuthorizationRequestRedirectFilter@674f22ce, org.springframework.security.oauth2.client.web.OAuth2LoginAuthenticationFilter@5e83badc, com.example.travel_backend.jwt.JwtAuthenticationFilter@25c6a9de, org.springframework.security.web.authentication.UsernamePasswordAuthenticationFilter@729feae8, org.springframework.security.web.authentication.ui.DefaultLoginPageGeneratingFilter@3af1b643, org.springframework.security.web.authentication.ui.DefaultLogoutPageGeneratingFilter@142422a4, org.springframework.security.web.savedrequest.RequestCacheAwareFilter@57cd5cc9, org.springframework.security.web.servletapi.SecurityContextHolderAwareRequestFilter@25ee6683, org.springframework.security.web.authentication.AnonymousAuthenticationFilter@3c9cd930, org.springframework.security.web.session.SessionManagementFilter@1107cbd8, org.springframework.security.web.access.ExceptionTranslationFilter@4c5d934b, org.springframework.security.web.access.intercept.AuthorizationFilter@68fe866b]
2024-07-12T21:43:50.868+09:00  INFO 23048 --- [main] o.s.b.w.embedded.tomcat.TomcatWebServer  : Tomcat started on port(s): 8080 (http) with context path ''
2024-07-12T21:43:50.875+09:00  INFO 23048 --- [main] c.e.t.TravelBackendApplication           : Started TravelBackendApplication in 4.772 seconds (process running for 5.464)
2024-07-12T21:43:58.516+09:00  INFO 23048 --- [http-nio-8080-exec-1] o.a.c.c.C.[Tomcat].[localhost].[/]       : Initializing Spring DispatcherServlet 'dispatcherServlet'
2024-07-12T21:43:58.517+09:00  INFO 23048 --- [http-nio-8080-exec-1] o.s.web.servlet.DispatcherServlet        : Initializing Servlet 'dispatcherServlet'
2024-07-12T21:43:58.518+09:00  INFO 23048 --- [http-nio-8080-exec-1] o.s.web.servlet.DispatcherServlet        : Completed initialization in 1 ms
2024-07-12T21:43:58.527+09:00 DEBUG 23048 --- [http-nio-8080-exec-1] c.e.t.jwt.JwtAuthenticationFilter        : JWT Token: null
2024-07-12T23:13:17.162+09:00  INFO 4824 --- [main] c.e.t.TravelBackendApplication           : Starting TravelBackendApplication using Java 17.0.10 with PID 4824 (C:\Users\skyjo\IdeaProjects\travel_point\travel_backend\out\production\classes started by skyjo in C:\Users\skyjo\IdeaProjects\travel_point\travel_backend)
2024-07-12T23:13:17.165+09:00  INFO 4824 --- [main] c.e.t.TravelBackendApplication           : No active profile set, falling back to 1 default profile: "default"
2024-07-12T23:13:17.924+09:00  INFO 4824 --- [main] .s.d.r.c.RepositoryConfigurationDelegate : Bootstrapping Spring Data JPA repositories in DEFAULT mode.
2024-07-12T23:13:18.006+09:00  INFO 4824 --- [main] .s.d.r.c.RepositoryConfigurationDelegate : Finished Spring Data repository scanning in 76 ms. Found 6 JPA repository interfaces.
2024-07-12T23:13:18.488+09:00  INFO 4824 --- [main] o.s.b.w.embedded.tomcat.TomcatWebServer  : Tomcat initialized with port(s): 8080 (http)
2024-07-12T23:13:18.495+09:00  INFO 4824 --- [main] o.apache.catalina.core.StandardService   : Starting service [Tomcat]
2024-07-12T23:13:18.495+09:00  INFO 4824 --- [main] o.apache.catalina.core.StandardEngine    : Starting Servlet engine: [Apache Tomcat/10.1.12]
2024-07-12T23:13:18.576+09:00  INFO 4824 --- [main] o.a.c.c.C.[Tomcat].[localhost].[/]       : Initializing Spring embedded WebApplicationContext
2024-07-12T23:13:18.577+09:00  INFO 4824 --- [main] w.s.c.ServletWebServerApplicationContext : Root WebApplicationContext: initialization completed in 1373 ms
2024-07-12T23:13:18.700+09:00  INFO 4824 --- [main] o.hibernate.jpa.internal.util.LogHelper  : HHH000204: Processing PersistenceUnitInfo [name: default]
2024-07-12T23:13:18.740+09:00  INFO 4824 --- [main] org.hibernate.Version                    : HHH000412: Hibernate ORM core version 6.2.7.Final
2024-07-12T23:13:18.742+09:00  INFO 4824 --- [main] org.hibernate.cfg.Environment            : HHH000406: Using bytecode reflection optimizer
2024-07-12T23:13:18.863+09:00  INFO 4824 --- [main] o.h.b.i.BytecodeProviderInitiator        : HHH000021: Bytecode provider name : bytebuddy
2024-07-12T23:13:18.949+09:00  INFO 4824 --- [main] o.s.o.j.p.SpringPersistenceUnitInfo      : No LoadTimeWeaver setup: ignoring JPA class transformer
2024-07-12T23:13:18.960+09:00  INFO 4824 --- [main] com.zaxxer.hikari.HikariDataSource       : HikariPool-1 - Starting...
2024-07-12T23:13:19.547+09:00  INFO 4824 --- [main] com.zaxxer.hikari.pool.HikariPool        : HikariPool-1 - Added connection com.mysql.cj.jdbc.ConnectionImpl@3add5e17
2024-07-12T23:13:19.549+09:00  INFO 4824 --- [main] com.zaxxer.hikari.HikariDataSource       : HikariPool-1 - Start completed.
2024-07-12T23:13:19.791+09:00  INFO 4824 --- [main] o.h.b.i.BytecodeProviderInitiator        : HHH000021: Bytecode provider name : bytebuddy
2024-07-12T23:13:20.359+09:00  INFO 4824 --- [main] o.h.e.t.j.p.i.JtaPlatformInitiator       : HHH000490: Using JtaPlatform implementation: [org.hibernate.engine.transaction.jta.platform.internal.NoJtaPlatform]
2024-07-12T23:13:20.363+09:00  INFO 4824 --- [main] j.LocalContainerEntityManagerFactoryBean : Initialized JPA EntityManagerFactory for persistence unit 'default'
2024-07-12T23:13:20.573+09:00  WARN 4824 --- [main] ocalVariableTableParameterNameDiscoverer : Using deprecated '-debug' fallback for parameter name resolution. Compile the affected code with '-parameters' instead or avoid its introspection: com.example.travel_backend.repository.MemberRepository
2024-07-12T23:13:20.905+09:00  WARN 4824 --- [main] ocalVariableTableParameterNameDiscoverer : Using deprecated '-debug' fallback for parameter name resolution. Compile the affected code with '-parameters' instead or avoid its introspection: com.example.travel_backend.repository.FavoritesRepository
2024-07-12T23:13:20.978+09:00  INFO 4824 --- [main] o.s.d.j.r.query.QueryEnhancerFactory     : Hibernate is in classpath; If applicable, HQL parser will be used.
2024-07-12T23:13:21.143+09:00  WARN 4824 --- [main] ocalVariableTableParameterNameDiscoverer : Using deprecated '-debug' fallback for parameter name resolution. Compile the affected code with '-parameters' instead or avoid its introspection: com.example.travel_backend.repository.ReviewRepository
2024-07-12T23:13:21.185+09:00  WARN 4824 --- [main] ocalVariableTableParameterNameDiscoverer : Using deprecated '-debug' fallback for parameter name resolution. Compile the affected code with '-parameters' instead or avoid its introspection: com.example.travel_backend.repository.ReviewLikeRepository
2024-07-12T23:13:21.290+09:00  WARN 4824 --- [main] ocalVariableTableParameterNameDiscoverer : Using deprecated '-debug' fallback for parameter name resolution. Compile the affected code with '-parameters' instead or avoid its introspection: com.example.travel_backend.repository.ReportRepository
2024-07-12T23:13:21.496+09:00  WARN 4824 --- [main] JpaBaseConfiguration$JpaWebConfiguration : spring.jpa.open-in-view is enabled by default. Therefore, database queries may be performed during view rendering. Explicitly configure spring.jpa.open-in-view to disable this warning
2024-07-12T23:13:21.734+09:00  INFO 4824 --- [main] o.s.s.web.DefaultSecurityFilterChain     : Will secure any request with [org.springframework.security.web.session.DisableEncodeUrlFilter@2175111e, org.springframework.security.web.context.request.async.WebAsyncManagerIntegrationFilter@74c74c99, org.springframework.security.web.context.SecurityContextHolderFilter@4a58d05d, org.springframework.security.web.header.HeaderWriterFilter@44f433db, org.springframework.security.web.authentication.logout.LogoutFilter@283a5c2b, org.springframework.security.oauth2.client.web.OAuth2AuthorizationRequestRedirectFilter@5f97d43e, org.springframework.security.oauth2.client.web.OAuth2LoginAuthenticationFilter@25c6a9de, com.example.travel_backend.jwt.JwtAuthenticationFilter@35b5056e, org.springframework.security.web.authentication.UsernamePasswordAuthenticationFilter@7000df03, org.springframework.security.web.authentication.ui.DefaultLoginPageGeneratingFilter@3927de0e, org.springframework.security.web.authentication.ui.DefaultLogoutPageGeneratingFilter@56f1db5f, org.springframework.security.web.savedrequest.RequestCacheAwareFilter@79c514e4, org.springframework.security.web.servletapi.SecurityContextHolderAwareRequestFilter@233d40da, org.springframework.security.web.authentication.AnonymousAuthenticationFilter@5f05cd7e, org.springframework.security.web.session.SessionManagementFilter@5aeaee3, org.springframework.security.web.access.ExceptionTranslationFilter@2be9425f, org.springframework.security.web.access.intercept.AuthorizationFilter@4a48fe63]
2024-07-12T23:13:21.997+09:00  INFO 4824 --- [main] o.s.b.w.embedded.tomcat.TomcatWebServer  : Tomcat started on port(s): 8080 (http) with context path ''
2024-07-12T23:13:22.004+09:00  INFO 4824 --- [main] c.e.t.TravelBackendApplication           : Started TravelBackendApplication in 5.258 seconds (process running for 6.006)
2024-07-12T23:13:31.034+09:00  INFO 4824 --- [http-nio-8080-exec-1] o.a.c.c.C.[Tomcat].[localhost].[/]       : Initializing Spring DispatcherServlet 'dispatcherServlet'
2024-07-12T23:13:31.034+09:00  INFO 4824 --- [http-nio-8080-exec-1] o.s.web.servlet.DispatcherServlet        : Initializing Servlet 'dispatcherServlet'
2024-07-12T23:13:31.035+09:00  INFO 4824 --- [http-nio-8080-exec-1] o.s.web.servlet.DispatcherServlet        : Completed initialization in 1 ms
2024-07-12T23:13:31.047+09:00 DEBUG 4824 --- [http-nio-8080-exec-1] c.e.t.jwt.JwtAuthenticationFilter        : JWT Token: null
2024-07-12T23:14:30.486+09:00 DEBUG 4824 --- [http-nio-8080-exec-3] c.e.t.jwt.JwtAuthenticationFilter        : JWT Token: null
2024-07-12T23:14:30.496+09:00  WARN 4824 --- [http-nio-8080-exec-3] .w.s.m.s.DefaultHandlerExceptionResolver : Resolved [org.springframework.web.HttpRequestMethodNotSupportedException: Request method 'POST' is not supported]
2024-07-12T23:14:58.546+09:00 DEBUG 4824 --- [http-nio-8080-exec-4] c.e.t.jwt.JwtAuthenticationFilter        : JWT Token: null
2024-07-12T23:14:58.548+09:00  WARN 4824 --- [http-nio-8080-exec-4] .w.s.m.s.DefaultHandlerExceptionResolver : Resolved [org.springframework.web.HttpRequestMethodNotSupportedException: Request method 'POST' is not supported]
2024-07-12T23:15:51.795+09:00 DEBUG 4824 --- [http-nio-8080-exec-5] c.e.t.jwt.JwtAuthenticationFilter        : JWT Token: null
2024-07-12T23:16:38.439+09:00 DEBUG 4824 --- [http-nio-8080-exec-6] c.e.t.jwt.JwtAuthenticationFilter        : JWT Token: null
2024-07-12T23:19:53.833+09:00  INFO 4824 --- [SpringApplicationShutdownHook] j.LocalContainerEntityManagerFactoryBean : Closing JPA EntityManagerFactory for persistence unit 'default'
2024-07-12T23:19:53.834+09:00  INFO 4824 --- [SpringApplicationShutdownHook] com.zaxxer.hikari.HikariDataSource       : HikariPool-1 - Shutdown initiated...
2024-07-12T23:19:53.923+09:00  INFO 4824 --- [SpringApplicationShutdownHook] com.zaxxer.hikari.HikariDataSource       : HikariPool-1 - Shutdown completed.
2024-07-12T23:19:59.221+09:00  INFO 12512 --- [main] c.e.t.TravelBackendApplication           : Starting TravelBackendApplication using Java 17.0.10 with PID 12512 (C:\Users\skyjo\IdeaProjects\travel_point\travel_backend\out\production\classes started by skyjo in C:\Users\skyjo\IdeaProjects\travel_point\travel_backend)
2024-07-12T23:19:59.224+09:00  INFO 12512 --- [main] c.e.t.TravelBackendApplication           : No active profile set, falling back to 1 default profile: "default"
2024-07-12T23:20:00.061+09:00  INFO 12512 --- [main] .s.d.r.c.RepositoryConfigurationDelegate : Bootstrapping Spring Data JPA repositories in DEFAULT mode.
2024-07-12T23:20:00.144+09:00  INFO 12512 --- [main] .s.d.r.c.RepositoryConfigurationDelegate : Finished Spring Data repository scanning in 76 ms. Found 6 JPA repository interfaces.
2024-07-12T23:20:00.674+09:00  INFO 12512 --- [main] o.s.b.w.embedded.tomcat.TomcatWebServer  : Tomcat initialized with port(s): 8080 (http)
2024-07-12T23:20:00.681+09:00  INFO 12512 --- [main] o.apache.catalina.core.StandardService   : Starting service [Tomcat]
2024-07-12T23:20:00.682+09:00  INFO 12512 --- [main] o.apache.catalina.core.StandardEngine    : Starting Servlet engine: [Apache Tomcat/10.1.12]
2024-07-12T23:20:00.777+09:00  INFO 12512 --- [main] o.a.c.c.C.[Tomcat].[localhost].[/]       : Initializing Spring embedded WebApplicationContext
2024-07-12T23:20:00.777+09:00  INFO 12512 --- [main] w.s.c.ServletWebServerApplicationContext : Root WebApplicationContext: initialization completed in 1507 ms
2024-07-12T23:20:00.925+09:00  INFO 12512 --- [main] o.hibernate.jpa.internal.util.LogHelper  : HHH000204: Processing PersistenceUnitInfo [name: default]
2024-07-12T23:20:00.971+09:00  INFO 12512 --- [main] org.hibernate.Version                    : HHH000412: Hibernate ORM core version 6.2.7.Final
2024-07-12T23:20:00.973+09:00  INFO 12512 --- [main] org.hibernate.cfg.Environment            : HHH000406: Using bytecode reflection optimizer
2024-07-12T23:20:01.101+09:00  INFO 12512 --- [main] o.h.b.i.BytecodeProviderInitiator        : HHH000021: Bytecode provider name : bytebuddy
2024-07-12T23:20:01.196+09:00  INFO 12512 --- [main] o.s.o.j.p.SpringPersistenceUnitInfo      : No LoadTimeWeaver setup: ignoring JPA class transformer
2024-07-12T23:20:01.208+09:00  INFO 12512 --- [main] com.zaxxer.hikari.HikariDataSource       : HikariPool-1 - Starting...
2024-07-12T23:20:01.493+09:00  INFO 12512 --- [main] com.zaxxer.hikari.pool.HikariPool        : HikariPool-1 - Added connection com.mysql.cj.jdbc.ConnectionImpl@6f112f70
2024-07-12T23:20:01.496+09:00  INFO 12512 --- [main] com.zaxxer.hikari.HikariDataSource       : HikariPool-1 - Start completed.
2024-07-12T23:20:01.748+09:00  INFO 12512 --- [main] o.h.b.i.BytecodeProviderInitiator        : HHH000021: Bytecode provider name : bytebuddy
2024-07-12T23:20:02.349+09:00  INFO 12512 --- [main] o.h.e.t.j.p.i.JtaPlatformInitiator       : HHH000490: Using JtaPlatform implementation: [org.hibernate.engine.transaction.jta.platform.internal.NoJtaPlatform]
2024-07-12T23:20:02.353+09:00  INFO 12512 --- [main] j.LocalContainerEntityManagerFactoryBean : Initialized JPA EntityManagerFactory for persistence unit 'default'
2024-07-12T23:20:02.637+09:00  WARN 12512 --- [main] ocalVariableTableParameterNameDiscoverer : Using deprecated '-debug' fallback for parameter name resolution. Compile the affected code with '-parameters' instead or avoid its introspection: com.example.travel_backend.repository.MemberRepository
2024-07-12T23:20:02.945+09:00  WARN 12512 --- [main] ocalVariableTableParameterNameDiscoverer : Using deprecated '-debug' fallback for parameter name resolution. Compile the affected code with '-parameters' instead or avoid its introspection: com.example.travel_backend.repository.FavoritesRepository
2024-07-12T23:20:03.040+09:00  INFO 12512 --- [main] o.s.d.j.r.query.QueryEnhancerFactory     : Hibernate is in classpath; If applicable, HQL parser will be used.
2024-07-12T23:20:03.233+09:00  WARN 12512 --- [main] ocalVariableTableParameterNameDiscoverer : Using deprecated '-debug' fallback for parameter name resolution. Compile the affected code with '-parameters' instead or avoid its introspection: com.example.travel_backend.repository.ReviewRepository
2024-07-12T23:20:03.278+09:00  WARN 12512 --- [main] ocalVariableTableParameterNameDiscoverer : Using deprecated '-debug' fallback for parameter name resolution. Compile the affected code with '-parameters' instead or avoid its introspection: com.example.travel_backend.repository.ReviewLikeRepository
2024-07-12T23:20:03.400+09:00  WARN 12512 --- [main] ocalVariableTableParameterNameDiscoverer : Using deprecated '-debug' fallback for parameter name resolution. Compile the affected code with '-parameters' instead or avoid its introspection: com.example.travel_backend.repository.ReportRepository
2024-07-12T23:20:03.631+09:00  WARN 12512 --- [main] JpaBaseConfiguration$JpaWebConfiguration : spring.jpa.open-in-view is enabled by default. Therefore, database queries may be performed during view rendering. Explicitly configure spring.jpa.open-in-view to disable this warning
2024-07-12T23:20:03.908+09:00  INFO 12512 --- [main] o.s.s.web.DefaultSecurityFilterChain     : Will secure any request with [org.springframework.security.web.session.DisableEncodeUrlFilter@729feae8, org.springframework.security.web.context.request.async.WebAsyncManagerIntegrationFilter@283a5c2b, org.springframework.security.web.context.SecurityContextHolderFilter@1c7159d5, org.springframework.security.web.header.HeaderWriterFilter@207fce87, org.springframework.security.web.authentication.logout.LogoutFilter@4c5d934b, org.springframework.security.oauth2.client.web.OAuth2AuthorizationRequestRedirectFilter@7669d7a2, org.springframework.security.oauth2.client.web.OAuth2LoginAuthenticationFilter@724945, com.example.travel_backend.jwt.JwtAuthenticationFilter@7bd0e2e9, org.springframework.security.web.authentication.UsernamePasswordAuthenticationFilter@95f61c2, org.springframework.security.web.authentication.ui.DefaultLoginPageGeneratingFilter@4528a8bf, org.springframework.security.web.authentication.ui.DefaultLogoutPageGeneratingFilter@6701fe26, org.springframework.security.web.savedrequest.RequestCacheAwareFilter@1659a0ff, org.springframework.security.web.servletapi.SecurityContextHolderAwareRequestFilter@1398e3aa, org.springframework.security.web.authentication.AnonymousAuthenticationFilter@6ac49084, org.springframework.security.web.session.SessionManagementFilter@2f3a3fec, org.springframework.security.web.access.ExceptionTranslationFilter@746cb25d, org.springframework.security.web.access.intercept.AuthorizationFilter@610640e3]
2024-07-12T23:20:04.193+09:00  INFO 12512 --- [main] o.s.b.w.embedded.tomcat.TomcatWebServer  : Tomcat started on port(s): 8080 (http) with context path ''
2024-07-12T23:20:04.200+09:00  INFO 12512 --- [main] c.e.t.TravelBackendApplication           : Started TravelBackendApplication in 5.433 seconds (process running for 6.084)
2024-07-12T23:20:14.969+09:00  INFO 12512 --- [http-nio-8080-exec-1] o.a.c.c.C.[Tomcat].[localhost].[/]       : Initializing Spring DispatcherServlet 'dispatcherServlet'
2024-07-12T23:20:14.970+09:00  INFO 12512 --- [http-nio-8080-exec-1] o.s.web.servlet.DispatcherServlet        : Initializing Servlet 'dispatcherServlet'
2024-07-12T23:20:14.971+09:00  INFO 12512 --- [http-nio-8080-exec-1] o.s.web.servlet.DispatcherServlet        : Completed initialization in 1 ms
2024-07-12T23:20:14.981+09:00 DEBUG 12512 --- [http-nio-8080-exec-1] c.e.t.jwt.JwtAuthenticationFilter        : JWT Token: null
2024-07-12T23:20:15.331+09:00 ERROR 12512 --- [http-nio-8080-exec-1] c.e.t.service.MemberService              : Login failed for user: skyjoon2@naver.com

org.springframework.security.authentication.BadCredentialsException: 자격 증명에 실패하였습니다.
	at org.springframework.security.authentication.dao.DaoAuthenticationProvider.additionalAuthenticationChecks(DaoAuthenticationProvider.java:89) ~[spring-security-core-6.1.3.jar:6.1.3]
	at org.springframework.security.authentication.dao.AbstractUserDetailsAuthenticationProvider.authenticate(AbstractUserDetailsAuthenticationProvider.java:147) ~[spring-security-core-6.1.3.jar:6.1.3]
	at org.springframework.security.authentication.ProviderManager.authenticate(ProviderManager.java:182) ~[spring-security-core-6.1.3.jar:6.1.3]
	at com.example.travel_backend.service.MemberService.login(MemberService.java:48) ~[classes/:na]
	at java.base/jdk.internal.reflect.NativeMethodAccessorImpl.invoke0(Native Method) ~[na:na]
	at java.base/jdk.internal.reflect.NativeMethodAccessorImpl.invoke(NativeMethodAccessorImpl.java:77) ~[na:na]
	at java.base/jdk.internal.reflect.DelegatingMethodAccessorImpl.invoke(DelegatingMethodAccessorImpl.java:43) ~[na:na]
	at java.base/java.lang.reflect.Method.invoke(Method.java:568) ~[na:na]
	at org.springframework.aop.support.AopUtils.invokeJoinpointUsingReflection(AopUtils.java:343) ~[spring-aop-6.0.11.jar:6.0.11]
	at org.springframework.aop.framework.ReflectiveMethodInvocation.invokeJoinpoint(ReflectiveMethodInvocation.java:196) ~[spring-aop-6.0.11.jar:6.0.11]
	at org.springframework.aop.framework.ReflectiveMethodInvocation.proceed(ReflectiveMethodInvocation.java:163) ~[spring-aop-6.0.11.jar:6.0.11]
	at org.springframework.aop.framework.CglibAopProxy$CglibMethodInvocation.proceed(CglibAopProxy.java:756) ~[spring-aop-6.0.11.jar:6.0.11]
	at org.springframework.transaction.interceptor.TransactionInterceptor$1.proceedWithInvocation(TransactionInterceptor.java:123) ~[spring-tx-6.0.11.jar:6.0.11]
	at org.springframework.transaction.interceptor.TransactionAspectSupport.invokeWithinTransaction(TransactionAspectSupport.java:391) ~[spring-tx-6.0.11.jar:6.0.11]
	at org.springframework.transaction.interceptor.TransactionInterceptor.invoke(TransactionInterceptor.java:119) ~[spring-tx-6.0.11.jar:6.0.11]
	at org.springframework.aop.framework.ReflectiveMethodInvocation.proceed(ReflectiveMethodInvocation.java:184) ~[spring-aop-6.0.11.jar:6.0.11]
	at org.springframework.aop.framework.CglibAopProxy$CglibMethodInvocation.proceed(CglibAopProxy.java:756) ~[spring-aop-6.0.11.jar:6.0.11]
	at org.springframework.aop.framework.CglibAopProxy$DynamicAdvisedInterceptor.intercept(CglibAopProxy.java:708) ~[spring-aop-6.0.11.jar:6.0.11]
	at com.example.travel_backend.service.MemberService$$SpringCGLIB$$0.login(<generated>) ~[classes/:na]
	at com.example.travel_backend.controller.login.LoginController.loginForm(LoginController.java:52) ~[classes/:na]
	at java.base/jdk.internal.reflect.NativeMethodAccessorImpl.invoke0(Native Method) ~[na:na]
	at java.base/jdk.internal.reflect.NativeMethodAccessorImpl.invoke(NativeMethodAccessorImpl.java:77) ~[na:na]
	at java.base/jdk.internal.reflect.DelegatingMethodAccessorImpl.invoke(DelegatingMethodAccessorImpl.java:43) ~[na:na]
	at java.base/java.lang.reflect.Method.invoke(Method.java:568) ~[na:na]
	at org.springframework.web.method.support.InvocableHandlerMethod.doInvoke(InvocableHandlerMethod.java:205) ~[spring-web-6.0.11.jar:6.0.11]
	at org.springframework.web.method.support.InvocableHandlerMethod.invokeForRequest(InvocableHandlerMethod.java:150) ~[spring-web-6.0.11.jar:6.0.11]
	at org.springframework.web.servlet.mvc.method.annotation.ServletInvocableHandlerMethod.invokeAndHandle(ServletInvocableHandlerMethod.java:118) ~[spring-webmvc-6.0.11.jar:6.0.11]
	at org.springframework.web.servlet.mvc.method.annotation.RequestMappingHandlerAdapter.invokeHandlerMethod(RequestMappingHandlerAdapter.java:884) ~[spring-webmvc-6.0.11.jar:6.0.11]
	at org.springframework.web.servlet.mvc.method.annotation.RequestMappingHandlerAdapter.handleInternal(RequestMappingHandlerAdapter.java:797) ~[spring-webmvc-6.0.11.jar:6.0.11]
	at org.springframework.web.servlet.mvc.method.AbstractHandlerMethodAdapter.handle(AbstractHandlerMethodAdapter.java:87) ~[spring-webmvc-6.0.11.jar:6.0.11]
	at org.springframework.web.servlet.DispatcherServlet.doDispatch(DispatcherServlet.java:1081) ~[spring-webmvc-6.0.11.jar:6.0.11]
	at org.springframework.web.servlet.DispatcherServlet.doService(DispatcherServlet.java:974) ~[spring-webmvc-6.0.11.jar:6.0.11]
	at org.springframework.web.servlet.FrameworkServlet.processRequest(FrameworkServlet.java:1011) ~[spring-webmvc-6.0.11.jar:6.0.11]
	at org.springframework.web.servlet.FrameworkServlet.doPost(FrameworkServlet.java:914) ~[spring-webmvc-6.0.11.jar:6.0.11]
	at jakarta.servlet.http.HttpServlet.service(HttpServlet.java:590) ~[tomcat-embed-core-10.1.12.jar:6.0]
	at org.springframework.web.servlet.FrameworkServlet.service(FrameworkServlet.java:885) ~[spring-webmvc-6.0.11.jar:6.0.11]
	at jakarta.servlet.http.HttpServlet.service(HttpServlet.java:658) ~[tomcat-embed-core-10.1.12.jar:6.0]
	at org.apache.catalina.core.ApplicationFilterChain.internalDoFilter(ApplicationFilterChain.java:205) ~[tomcat-embed-core-10.1.12.jar:10.1.12]
	at org.apache.catalina.core.ApplicationFilterChain.doFilter(ApplicationFilterChain.java:149) ~[tomcat-embed-core-10.1.12.jar:10.1.12]
	at org.apache.tomcat.websocket.server.WsFilter.doFilter(WsFilter.java:51) ~[tomcat-embed-websocket-10.1.12.jar:10.1.12]
	at org.apache.catalina.core.ApplicationFilterChain.internalDoFilter(ApplicationFilterChain.java:174) ~[tomcat-embed-core-10.1.12.jar:10.1.12]
	at org.apache.catalina.core.ApplicationFilterChain.doFilter(ApplicationFilterChain.java:149) ~[tomcat-embed-core-10.1.12.jar:10.1.12]
	at org.springframework.security.web.FilterChainProxy.lambda$doFilterInternal$3(FilterChainProxy.java:231) ~[spring-security-web-6.1.3.jar:6.1.3]
	at org.springframework.security.web.FilterChainProxy$VirtualFilterChain.doFilter(FilterChainProxy.java:365) ~[spring-security-web-6.1.3.jar:6.1.3]
	at org.springframework.security.web.access.intercept.AuthorizationFilter.doFilter(AuthorizationFilter.java:100) ~[spring-security-web-6.1.3.jar:6.1.3]
	at org.springframework.security.web.FilterChainProxy$VirtualFilterChain.doFilter(FilterChainProxy.java:374) ~[spring-security-web-6.1.3.jar:6.1.3]
	at org.springframework.security.web.access.ExceptionTranslationFilter.doFilter(ExceptionTranslationFilter.java:126) ~[spring-security-web-6.1.3.jar:6.1.3]
	at org.springframework.security.web.access.ExceptionTranslationFilter.doFilter(ExceptionTranslationFilter.java:120) ~[spring-security-web-6.1.3.jar:6.1.3]
	at org.springframework.security.web.FilterChainProxy$VirtualFilterChain.doFilter(FilterChainProxy.java:374) ~[spring-security-web-6.1.3.jar:6.1.3]
	at org.springframework.security.web.session.SessionManagementFilter.doFilter(SessionManagementFilter.java:131) ~[spring-security-web-6.1.3.jar:6.1.3]
	at org.springframework.security.web.session.SessionManagementFilter.doFilter(SessionManagementFilter.java:85) ~[spring-security-web-6.1.3.jar:6.1.3]
	at org.springframework.security.web.FilterChainProxy$VirtualFilterChain.doFilter(FilterChainProxy.java:374) ~[spring-security-web-6.1.3.jar:6.1.3]
	at org.springframework.security.web.authentication.AnonymousAuthenticationFilter.doFilter(AnonymousAuthenticationFilter.java:100) ~[spring-security-web-6.1.3.jar:6.1.3]
	at org.springframework.security.web.FilterChainProxy$VirtualFilterChain.doFilter(FilterChainProxy.java:374) ~[spring-security-web-6.1.3.jar:6.1.3]
	at org.springframework.security.web.servletapi.SecurityContextHolderAwareRequestFilter.doFilter(SecurityContextHolderAwareRequestFilter.java:179) ~[spring-security-web-6.1.3.jar:6.1.3]
	at org.springframework.security.web.FilterChainProxy$VirtualFilterChain.doFilter(FilterChainProxy.java:374) ~[spring-security-web-6.1.3.jar:6.1.3]
	at org.springframework.security.web.savedrequest.RequestCacheAwareFilter.doFilter(RequestCacheAwareFilter.java:63) ~[spring-security-web-6.1.3.jar:6.1.3]
	at org.springframework.security.web.FilterChainProxy$VirtualFilterChain.doFilter(FilterChainProxy.java:374) ~[spring-security-web-6.1.3.jar:6.1.3]
	at org.springframework.security.web.authentication.ui.DefaultLogoutPageGeneratingFilter.doFilterInternal(DefaultLogoutPageGeneratingFilter.java:58) ~[spring-security-web-6.1.3.jar:6.1.3]
	at org.springframework.web.filter.OncePerRequestFilter.doFilter(OncePerRequestFilter.java:116) ~[spring-web-6.0.11.jar:6.0.11]
	at org.springframework.security.web.FilterChainProxy$VirtualFilterChain.doFilter(FilterChainProxy.java:374) ~[spring-security-web-6.1.3.jar:6.1.3]
	at org.springframework.security.web.authentication.ui.DefaultLoginPageGeneratingFilter.doFilter(DefaultLoginPageGeneratingFilter.java:188) ~[spring-security-web-6.1.3.jar:6.1.3]
	at org.springframework.security.web.authentication.ui.DefaultLoginPageGeneratingFilter.doFilter(DefaultLoginPageGeneratingFilter.java:174) ~[spring-security-web-6.1.3.jar:6.1.3]
	at org.springframework.security.web.FilterChainProxy$VirtualFilterChain.doFilter(FilterChainProxy.java:374) ~[spring-security-web-6.1.3.jar:6.1.3]
	at org.springframework.security.web.authentication.AbstractAuthenticationProcessingFilter.doFilter(AbstractAuthenticationProcessingFilter.java:227) ~[spring-security-web-6.1.3.jar:6.1.3]
	at org.springframework.security.web.authentication.AbstractAuthenticationProcessingFilter.doFilter(AbstractAuthenticationProcessingFilter.java:221) ~[spring-security-web-6.1.3.jar:6.1.3]
	at org.springframework.security.web.FilterChainProxy$VirtualFilterChain.doFilter(FilterChainProxy.java:374) ~[spring-security-web-6.1.3.jar:6.1.3]
	at com.example.travel_backend.jwt.JwtAuthenticationFilter.doFilterInternal(JwtAuthenticationFilter.java:43) ~[classes/:na]
	at org.springframework.web.filter.OncePerRequestFilter.doFilter(OncePerRequestFilter.java:116) ~[spring-web-6.0.11.jar:6.0.11]
	at org.springframework.security.web.FilterChainProxy$VirtualFilterChain.doFilter(FilterChainProxy.java:374) ~[spring-security-web-6.1.3.jar:6.1.3]
	at org.springframework.security.web.authentication.AbstractAuthenticationProcessingFilter.doFilter(AbstractAuthenticationProcessingFilter.java:227) ~[spring-security-web-6.1.3.jar:6.1.3]
	at org.springframework.security.web.authentication.AbstractAuthenticationProcessingFilter.doFilter(AbstractAuthenticationProcessingFilter.java:221) ~[spring-security-web-6.1.3.jar:6.1.3]
	at org.springframework.security.web.FilterChainProxy$VirtualFilterChain.doFilter(FilterChainProxy.java:374) ~[spring-security-web-6.1.3.jar:6.1.3]
	at org.springframework.security.oauth2.client.web.OAuth2AuthorizationRequestRedirectFilter.doFilterInternal(OAuth2AuthorizationRequestRedirectFilter.java:181) ~[spring-security-oauth2-client-6.1.3.jar:6.1.3]
	at org.springframework.web.filter.OncePerRequestFilter.doFilter(OncePerRequestFilter.java:116) ~[spring-web-6.0.11.jar:6.0.11]
	at org.springframework.security.web.FilterChainProxy$VirtualFilterChain.doFilter(FilterChainProxy.java:374) ~[spring-security-web-6.1.3.jar:6.1.3]
	at org.springframework.security.web.authentication.logout.LogoutFilter.doFilter(LogoutFilter.java:107) ~[spring-security-web-6.1.3.jar:6.1.3]
	at org.springframework.security.web.authentication.logout.LogoutFilter.doFilter(LogoutFilter.java:93) ~[spring-security-web-6.1.3.jar:6.1.3]
	at org.springframework.security.web.FilterChainProxy$VirtualFilterChain.doFilter(FilterChainProxy.java:374) ~[spring-security-web-6.1.3.jar:6.1.3]
	at org.springframework.security.web.header.HeaderWriterFilter.doHeadersAfter(HeaderWriterFilter.java:90) ~[spring-security-web-6.1.3.jar:6.1.3]
	at org.springframework.security.web.header.HeaderWriterFilter.doFilterInternal(HeaderWriterFilter.java:75) ~[spring-security-web-6.1.3.jar:6.1.3]
	at org.springframework.web.filter.OncePerRequestFilter.doFilter(OncePerRequestFilter.java:116) ~[spring-web-6.0.11.jar:6.0.11]
	at org.springframework.security.web.FilterChainProxy$VirtualFilterChain.doFilter(FilterChainProxy.java:374) ~[spring-security-web-6.1.3.jar:6.1.3]
	at org.springframework.security.web.context.SecurityContextHolderFilter.doFilter(SecurityContextHolderFilter.java:82) ~[spring-security-web-6.1.3.jar:6.1.3]
	at org.springframework.security.web.context.SecurityContextHolderFilter.doFilter(SecurityContextHolderFilter.java:69) ~[spring-security-web-6.1.3.jar:6.1.3]
	at org.springframework.security.web.FilterChainProxy$VirtualFilterChain.doFilter(FilterChainProxy.java:374) ~[spring-security-web-6.1.3.jar:6.1.3]
	at org.springframework.security.web.context.request.async.WebAsyncManagerIntegrationFilter.doFilterInternal(WebAsyncManagerIntegrationFilter.java:62) ~[spring-security-web-6.1.3.jar:6.1.3]
	at org.springframework.web.filter.OncePerRequestFilter.doFilter(OncePerRequestFilter.java:116) ~[spring-web-6.0.11.jar:6.0.11]
	at org.springframework.security.web.FilterChainProxy$VirtualFilterChain.doFilter(FilterChainProxy.java:374) ~[spring-security-web-6.1.3.jar:6.1.3]
	at org.springframework.security.web.session.DisableEncodeUrlFilter.doFilterInternal(DisableEncodeUrlFilter.java:42) ~[spring-security-web-6.1.3.jar:6.1.3]
	at org.springframework.web.filter.OncePerRequestFilter.doFilter(OncePerRequestFilter.java:116) ~[spring-web-6.0.11.jar:6.0.11]
	at org.springframework.security.web.FilterChainProxy$VirtualFilterChain.doFilter(FilterChainProxy.java:374) ~[spring-security-web-6.1.3.jar:6.1.3]
	at org.springframework.security.web.FilterChainProxy.doFilterInternal(FilterChainProxy.java:233) ~[spring-security-web-6.1.3.jar:6.1.3]
	at org.springframework.security.web.FilterChainProxy.doFilter(FilterChainProxy.java:191) ~[spring-security-web-6.1.3.jar:6.1.3]
	at org.springframework.web.filter.DelegatingFilterProxy.invokeDelegate(DelegatingFilterProxy.java:352) ~[spring-web-6.0.11.jar:6.0.11]
	at org.springframework.web.filter.DelegatingFilterProxy.doFilter(DelegatingFilterProxy.java:268) ~[spring-web-6.0.11.jar:6.0.11]
	at org.apache.catalina.core.ApplicationFilterChain.internalDoFilter(ApplicationFilterChain.java:174) ~[tomcat-embed-core-10.1.12.jar:10.1.12]
	at org.apache.catalina.core.ApplicationFilterChain.doFilter(ApplicationFilterChain.java:149) ~[tomcat-embed-core-10.1.12.jar:10.1.12]
	at org.springframework.web.filter.RequestContextFilter.doFilterInternal(RequestContextFilter.java:100) ~[spring-web-6.0.11.jar:6.0.11]
	at org.springframework.web.filter.OncePerRequestFilter.doFilter(OncePerRequestFilter.java:116) ~[spring-web-6.0.11.jar:6.0.11]
	at org.apache.catalina.core.ApplicationFilterChain.internalDoFilter(ApplicationFilterChain.java:174) ~[tomcat-embed-core-10.1.12.jar:10.1.12]
	at org.apache.catalina.core.ApplicationFilterChain.doFilter(ApplicationFilterChain.java:149) ~[tomcat-embed-core-10.1.12.jar:10.1.12]
	at org.springframework.web.filter.FormContentFilter.doFilterInternal(FormContentFilter.java:93) ~[spring-web-6.0.11.jar:6.0.11]
	at org.springframework.web.filter.OncePerRequestFilter.doFilter(OncePerRequestFilter.java:116) ~[spring-web-6.0.11.jar:6.0.11]
	at org.apache.catalina.core.ApplicationFilterChain.internalDoFilter(ApplicationFilterChain.java:174) ~[tomcat-embed-core-10.1.12.jar:10.1.12]
	at org.apache.catalina.core.ApplicationFilterChain.doFilter(ApplicationFilterChain.java:149) ~[tomcat-embed-core-10.1.12.jar:10.1.12]
	at org.springframework.web.filter.CharacterEncodingFilter.doFilterInternal(CharacterEncodingFilter.java:201) ~[spring-web-6.0.11.jar:6.0.11]
	at org.springframework.web.filter.OncePerRequestFilter.doFilter(OncePerRequestFilter.java:116) ~[spring-web-6.0.11.jar:6.0.11]
	at org.apache.catalina.core.ApplicationFilterChain.internalDoFilter(ApplicationFilterChain.java:174) ~[tomcat-embed-core-10.1.12.jar:10.1.12]
	at org.apache.catalina.core.ApplicationFilterChain.doFilter(ApplicationFilterChain.java:149) ~[tomcat-embed-core-10.1.12.jar:10.1.12]
	at org.apache.catalina.core.StandardWrapperValve.invoke(StandardWrapperValve.java:166) ~[tomcat-embed-core-10.1.12.jar:10.1.12]
	at org.apache.catalina.core.StandardContextValve.invoke(StandardContextValve.java:90) ~[tomcat-embed-core-10.1.12.jar:10.1.12]
	at org.apache.catalina.authenticator.AuthenticatorBase.invoke(AuthenticatorBase.java:482) ~[tomcat-embed-core-10.1.12.jar:10.1.12]
	at org.apache.catalina.core.StandardHostValve.invoke(StandardHostValve.java:115) ~[tomcat-embed-core-10.1.12.jar:10.1.12]
	at org.apache.catalina.valves.ErrorReportValve.invoke(ErrorReportValve.java:93) ~[tomcat-embed-core-10.1.12.jar:10.1.12]
	at org.apache.catalina.core.StandardEngineValve.invoke(StandardEngineValve.java:74) ~[tomcat-embed-core-10.1.12.jar:10.1.12]
	at org.apache.catalina.connector.CoyoteAdapter.service(CoyoteAdapter.java:341) ~[tomcat-embed-core-10.1.12.jar:10.1.12]
	at org.apache.coyote.http11.Http11Processor.service(Http11Processor.java:391) ~[tomcat-embed-core-10.1.12.jar:10.1.12]
	at org.apache.coyote.AbstractProcessorLight.process(AbstractProcessorLight.java:63) ~[tomcat-embed-core-10.1.12.jar:10.1.12]
	at org.apache.coyote.AbstractProtocol$ConnectionHandler.process(AbstractProtocol.java:894) ~[tomcat-embed-core-10.1.12.jar:10.1.12]
	at org.apache.tomcat.util.net.NioEndpoint$SocketProcessor.doRun(NioEndpoint.java:1740) ~[tomcat-embed-core-10.1.12.jar:10.1.12]
	at org.apache.tomcat.util.net.SocketProcessorBase.run(SocketProcessorBase.java:52) ~[tomcat-embed-core-10.1.12.jar:10.1.12]
	at org.apache.tomcat.util.threads.ThreadPoolExecutor.runWorker(ThreadPoolExecutor.java:1191) ~[tomcat-embed-core-10.1.12.jar:10.1.12]
	at org.apache.tomcat.util.threads.ThreadPoolExecutor$Worker.run(ThreadPoolExecutor.java:659) ~[tomcat-embed-core-10.1.12.jar:10.1.12]
	at org.apache.tomcat.util.threads.TaskThread$WrappingRunnable.run(TaskThread.java:61) ~[tomcat-embed-core-10.1.12.jar:10.1.12]
	at java.base/java.lang.Thread.run(Thread.java:840) ~[na:na]

2024-07-12T23:20:32.089+09:00  INFO 12512 --- [SpringApplicationShutdownHook] j.LocalContainerEntityManagerFactoryBean : Closing JPA EntityManagerFactory for persistence unit 'default'
2024-07-12T23:20:32.091+09:00  INFO 12512 --- [SpringApplicationShutdownHook] com.zaxxer.hikari.HikariDataSource       : HikariPool-1 - Shutdown initiated...
2024-07-12T23:20:32.182+09:00  INFO 12512 --- [SpringApplicationShutdownHook] com.zaxxer.hikari.HikariDataSource       : HikariPool-1 - Shutdown completed.
2024-07-12T23:20:36.991+09:00  INFO 3420 --- [main] c.e.t.TravelBackendApplication           : Starting TravelBackendApplication using Java 17.0.10 with PID 3420 (C:\Users\skyjo\IdeaProjects\travel_point\travel_backend\out\production\classes started by skyjo in C:\Users\skyjo\IdeaProjects\travel_point\travel_backend)
2024-07-12T23:20:36.993+09:00  INFO 3420 --- [main] c.e.t.TravelBackendApplication           : No active profile set, falling back to 1 default profile: "default"
2024-07-12T23:20:37.702+09:00  INFO 3420 --- [main] .s.d.r.c.RepositoryConfigurationDelegate : Bootstrapping Spring Data JPA repositories in DEFAULT mode.
2024-07-12T23:20:37.771+09:00  INFO 3420 --- [main] .s.d.r.c.RepositoryConfigurationDelegate : Finished Spring Data repository scanning in 64 ms. Found 6 JPA repository interfaces.
2024-07-12T23:20:38.242+09:00  INFO 3420 --- [main] o.s.b.w.embedded.tomcat.TomcatWebServer  : Tomcat initialized with port(s): 8080 (http)
2024-07-12T23:20:38.249+09:00  INFO 3420 --- [main] o.apache.catalina.core.StandardService   : Starting service [Tomcat]
2024-07-12T23:20:38.250+09:00  INFO 3420 --- [main] o.apache.catalina.core.StandardEngine    : Starting Servlet engine: [Apache Tomcat/10.1.12]
2024-07-12T23:20:38.350+09:00  INFO 3420 --- [main] o.a.c.c.C.[Tomcat].[localhost].[/]       : Initializing Spring embedded WebApplicationContext
2024-07-12T23:20:38.351+09:00  INFO 3420 --- [main] w.s.c.ServletWebServerApplicationContext : Root WebApplicationContext: initialization completed in 1322 ms
2024-07-12T23:20:38.475+09:00  INFO 3420 --- [main] o.hibernate.jpa.internal.util.LogHelper  : HHH000204: Processing PersistenceUnitInfo [name: default]
2024-07-12T23:20:38.515+09:00  INFO 3420 --- [main] org.hibernate.Version                    : HHH000412: Hibernate ORM core version 6.2.7.Final
2024-07-12T23:20:38.517+09:00  INFO 3420 --- [main] org.hibernate.cfg.Environment            : HHH000406: Using bytecode reflection optimizer
2024-07-12T23:20:38.636+09:00  INFO 3420 --- [main] o.h.b.i.BytecodeProviderInitiator        : HHH000021: Bytecode provider name : bytebuddy
2024-07-12T23:20:38.724+09:00  INFO 3420 --- [main] o.s.o.j.p.SpringPersistenceUnitInfo      : No LoadTimeWeaver setup: ignoring JPA class transformer
2024-07-12T23:20:38.734+09:00  INFO 3420 --- [main] com.zaxxer.hikari.HikariDataSource       : HikariPool-1 - Starting...
2024-07-12T23:20:39.040+09:00  INFO 3420 --- [main] com.zaxxer.hikari.pool.HikariPool        : HikariPool-1 - Added connection com.mysql.cj.jdbc.ConnectionImpl@4cc4d454
2024-07-12T23:20:39.042+09:00  INFO 3420 --- [main] com.zaxxer.hikari.HikariDataSource       : HikariPool-1 - Start completed.
2024-07-12T23:20:39.311+09:00  INFO 3420 --- [main] o.h.b.i.BytecodeProviderInitiator        : HHH000021: Bytecode provider name : bytebuddy
2024-07-12T23:20:39.873+09:00  INFO 3420 --- [main] o.h.e.t.j.p.i.JtaPlatformInitiator       : HHH000490: Using JtaPlatform implementation: [org.hibernate.engine.transaction.jta.platform.internal.NoJtaPlatform]
2024-07-12T23:20:39.877+09:00  INFO 3420 --- [main] j.LocalContainerEntityManagerFactoryBean : Initialized JPA EntityManagerFactory for persistence unit 'default'
2024-07-12T23:20:40.080+09:00  WARN 3420 --- [main] ocalVariableTableParameterNameDiscoverer : Using deprecated '-debug' fallback for parameter name resolution. Compile the affected code with '-parameters' instead or avoid its introspection: com.example.travel_backend.repository.MemberRepository
2024-07-12T23:20:40.356+09:00  WARN 3420 --- [main] ocalVariableTableParameterNameDiscoverer : Using deprecated '-debug' fallback for parameter name resolution. Compile the affected code with '-parameters' instead or avoid its introspection: com.example.travel_backend.repository.FavoritesRepository
2024-07-12T23:20:40.440+09:00  INFO 3420 --- [main] o.s.d.j.r.query.QueryEnhancerFactory     : Hibernate is in classpath; If applicable, HQL parser will be used.
2024-07-12T23:20:40.612+09:00  WARN 3420 --- [main] ocalVariableTableParameterNameDiscoverer : Using deprecated '-debug' fallback for parameter name resolution. Compile the affected code with '-parameters' instead or avoid its introspection: com.example.travel_backend.repository.ReviewRepository
2024-07-12T23:20:40.653+09:00  WARN 3420 --- [main] ocalVariableTableParameterNameDiscoverer : Using deprecated '-debug' fallback for parameter name resolution. Compile the affected code with '-parameters' instead or avoid its introspection: com.example.travel_backend.repository.ReviewLikeRepository
2024-07-12T23:20:40.760+09:00  WARN 3420 --- [main] ocalVariableTableParameterNameDiscoverer : Using deprecated '-debug' fallback for parameter name resolution. Compile the affected code with '-parameters' instead or avoid its introspection: com.example.travel_backend.repository.ReportRepository
2024-07-12T23:20:40.957+09:00  WARN 3420 --- [main] JpaBaseConfiguration$JpaWebConfiguration : spring.jpa.open-in-view is enabled by default. Therefore, database queries may be performed during view rendering. Explicitly configure spring.jpa.open-in-view to disable this warning
2024-07-12T23:20:41.212+09:00  INFO 3420 --- [main] o.s.s.web.DefaultSecurityFilterChain     : Will secure any request with [org.springframework.security.web.session.DisableEncodeUrlFilter@22d82fe8, org.springframework.security.web.context.request.async.WebAsyncManagerIntegrationFilter@2175111e, org.springframework.security.web.context.SecurityContextHolderFilter@362d91ef, org.springframework.security.web.header.HeaderWriterFilter@25ee6683, org.springframework.security.web.authentication.logout.LogoutFilter@729feae8, org.springframework.security.oauth2.client.web.OAuth2AuthorizationRequestRedirectFilter@511f21f9, org.springframework.security.oauth2.client.web.OAuth2LoginAuthenticationFilter@5f97d43e, com.example.travel_backend.jwt.JwtAuthenticationFilter@74c74c99, org.springframework.security.web.authentication.UsernamePasswordAuthenticationFilter@4a48fe63, org.springframework.security.web.authentication.ui.DefaultLoginPageGeneratingFilter@10faebc9, org.springframework.security.web.authentication.ui.DefaultLogoutPageGeneratingFilter@35b5056e, org.springframework.security.web.savedrequest.RequestCacheAwareFilter@3af1b643, org.springframework.security.web.servletapi.SecurityContextHolderAwareRequestFilter@79c514e4, org.springframework.security.web.authentication.AnonymousAuthenticationFilter@56f1db5f, org.springframework.security.web.session.SessionManagementFilter@38388639, org.springframework.security.web.access.ExceptionTranslationFilter@95f61c2, org.springframework.security.web.access.intercept.AuthorizationFilter@4460edf]
2024-07-12T23:20:41.468+09:00  INFO 3420 --- [main] o.s.b.w.embedded.tomcat.TomcatWebServer  : Tomcat started on port(s): 8080 (http) with context path ''
2024-07-12T23:20:41.475+09:00  INFO 3420 --- [main] c.e.t.TravelBackendApplication           : Started TravelBackendApplication in 4.866 seconds (process running for 5.489)
2024-07-12T23:20:47.105+09:00  INFO 3420 --- [http-nio-8080-exec-2] o.a.c.c.C.[Tomcat].[localhost].[/]       : Initializing Spring DispatcherServlet 'dispatcherServlet'
2024-07-12T23:20:47.106+09:00  INFO 3420 --- [http-nio-8080-exec-2] o.s.web.servlet.DispatcherServlet        : Initializing Servlet 'dispatcherServlet'
2024-07-12T23:20:47.107+09:00  INFO 3420 --- [http-nio-8080-exec-2] o.s.web.servlet.DispatcherServlet        : Completed initialization in 0 ms
2024-07-12T23:20:47.118+09:00 DEBUG 3420 --- [http-nio-8080-exec-2] c.e.t.jwt.JwtAuthenticationFilter        : JWT Token: null
2024-07-12T23:20:47.445+09:00 ERROR 3420 --- [http-nio-8080-exec-2] c.e.t.service.MemberService              : Login failed for user: skyjoon2@naver.com

org.springframework.security.authentication.BadCredentialsException: 자격 증명에 실패하였습니다.
	at org.springframework.security.authentication.dao.DaoAuthenticationProvider.additionalAuthenticationChecks(DaoAuthenticationProvider.java:89) ~[spring-security-core-6.1.3.jar:6.1.3]
	at org.springframework.security.authentication.dao.AbstractUserDetailsAuthenticationProvider.authenticate(AbstractUserDetailsAuthenticationProvider.java:147) ~[spring-security-core-6.1.3.jar:6.1.3]
	at org.springframework.security.authentication.ProviderManager.authenticate(ProviderManager.java:182) ~[spring-security-core-6.1.3.jar:6.1.3]
	at com.example.travel_backend.service.MemberService.login(MemberService.java:48) ~[classes/:na]
	at java.base/jdk.internal.reflect.NativeMethodAccessorImpl.invoke0(Native Method) ~[na:na]
	at java.base/jdk.internal.reflect.NativeMethodAccessorImpl.invoke(NativeMethodAccessorImpl.java:77) ~[na:na]
	at java.base/jdk.internal.reflect.DelegatingMethodAccessorImpl.invoke(DelegatingMethodAccessorImpl.java:43) ~[na:na]
	at java.base/java.lang.reflect.Method.invoke(Method.java:568) ~[na:na]
	at org.springframework.aop.support.AopUtils.invokeJoinpointUsingReflection(AopUtils.java:343) ~[spring-aop-6.0.11.jar:6.0.11]
	at org.springframework.aop.framework.ReflectiveMethodInvocation.invokeJoinpoint(ReflectiveMethodInvocation.java:196) ~[spring-aop-6.0.11.jar:6.0.11]
	at org.springframework.aop.framework.ReflectiveMethodInvocation.proceed(ReflectiveMethodInvocation.java:163) ~[spring-aop-6.0.11.jar:6.0.11]
	at org.springframework.aop.framework.CglibAopProxy$CglibMethodInvocation.proceed(CglibAopProxy.java:756) ~[spring-aop-6.0.11.jar:6.0.11]
	at org.springframework.transaction.interceptor.TransactionInterceptor$1.proceedWithInvocation(TransactionInterceptor.java:123) ~[spring-tx-6.0.11.jar:6.0.11]
	at org.springframework.transaction.interceptor.TransactionAspectSupport.invokeWithinTransaction(TransactionAspectSupport.java:391) ~[spring-tx-6.0.11.jar:6.0.11]
	at org.springframework.transaction.interceptor.TransactionInterceptor.invoke(TransactionInterceptor.java:119) ~[spring-tx-6.0.11.jar:6.0.11]
	at org.springframework.aop.framework.ReflectiveMethodInvocation.proceed(ReflectiveMethodInvocation.java:184) ~[spring-aop-6.0.11.jar:6.0.11]
	at org.springframework.aop.framework.CglibAopProxy$CglibMethodInvocation.proceed(CglibAopProxy.java:756) ~[spring-aop-6.0.11.jar:6.0.11]
	at org.springframework.aop.framework.CglibAopProxy$DynamicAdvisedInterceptor.intercept(CglibAopProxy.java:708) ~[spring-aop-6.0.11.jar:6.0.11]
	at com.example.travel_backend.service.MemberService$$SpringCGLIB$$0.login(<generated>) ~[classes/:na]
	at com.example.travel_backend.controller.login.LoginController.loginForm(LoginController.java:52) ~[classes/:na]
	at java.base/jdk.internal.reflect.NativeMethodAccessorImpl.invoke0(Native Method) ~[na:na]
	at java.base/jdk.internal.reflect.NativeMethodAccessorImpl.invoke(NativeMethodAccessorImpl.java:77) ~[na:na]
	at java.base/jdk.internal.reflect.DelegatingMethodAccessorImpl.invoke(DelegatingMethodAccessorImpl.java:43) ~[na:na]
	at java.base/java.lang.reflect.Method.invoke(Method.java:568) ~[na:na]
	at org.springframework.web.method.support.InvocableHandlerMethod.doInvoke(InvocableHandlerMethod.java:205) ~[spring-web-6.0.11.jar:6.0.11]
	at org.springframework.web.method.support.InvocableHandlerMethod.invokeForRequest(InvocableHandlerMethod.java:150) ~[spring-web-6.0.11.jar:6.0.11]
	at org.springframework.web.servlet.mvc.method.annotation.ServletInvocableHandlerMethod.invokeAndHandle(ServletInvocableHandlerMethod.java:118) ~[spring-webmvc-6.0.11.jar:6.0.11]
	at org.springframework.web.servlet.mvc.method.annotation.RequestMappingHandlerAdapter.invokeHandlerMethod(RequestMappingHandlerAdapter.java:884) ~[spring-webmvc-6.0.11.jar:6.0.11]
	at org.springframework.web.servlet.mvc.method.annotation.RequestMappingHandlerAdapter.handleInternal(RequestMappingHandlerAdapter.java:797) ~[spring-webmvc-6.0.11.jar:6.0.11]
	at org.springframework.web.servlet.mvc.method.AbstractHandlerMethodAdapter.handle(AbstractHandlerMethodAdapter.java:87) ~[spring-webmvc-6.0.11.jar:6.0.11]
	at org.springframework.web.servlet.DispatcherServlet.doDispatch(DispatcherServlet.java:1081) ~[spring-webmvc-6.0.11.jar:6.0.11]
	at org.springframework.web.servlet.DispatcherServlet.doService(DispatcherServlet.java:974) ~[spring-webmvc-6.0.11.jar:6.0.11]
	at org.springframework.web.servlet.FrameworkServlet.processRequest(FrameworkServlet.java:1011) ~[spring-webmvc-6.0.11.jar:6.0.11]
	at org.springframework.web.servlet.FrameworkServlet.doPost(FrameworkServlet.java:914) ~[spring-webmvc-6.0.11.jar:6.0.11]
	at jakarta.servlet.http.HttpServlet.service(HttpServlet.java:590) ~[tomcat-embed-core-10.1.12.jar:6.0]
	at org.springframework.web.servlet.FrameworkServlet.service(FrameworkServlet.java:885) ~[spring-webmvc-6.0.11.jar:6.0.11]
	at jakarta.servlet.http.HttpServlet.service(HttpServlet.java:658) ~[tomcat-embed-core-10.1.12.jar:6.0]
	at org.apache.catalina.core.ApplicationFilterChain.internalDoFilter(ApplicationFilterChain.java:205) ~[tomcat-embed-core-10.1.12.jar:10.1.12]
	at org.apache.catalina.core.ApplicationFilterChain.doFilter(ApplicationFilterChain.java:149) ~[tomcat-embed-core-10.1.12.jar:10.1.12]
	at org.apache.tomcat.websocket.server.WsFilter.doFilter(WsFilter.java:51) ~[tomcat-embed-websocket-10.1.12.jar:10.1.12]
	at org.apache.catalina.core.ApplicationFilterChain.internalDoFilter(ApplicationFilterChain.java:174) ~[tomcat-embed-core-10.1.12.jar:10.1.12]
	at org.apache.catalina.core.ApplicationFilterChain.doFilter(ApplicationFilterChain.java:149) ~[tomcat-embed-core-10.1.12.jar:10.1.12]
	at org.springframework.security.web.FilterChainProxy.lambda$doFilterInternal$3(FilterChainProxy.java:231) ~[spring-security-web-6.1.3.jar:6.1.3]
	at org.springframework.security.web.FilterChainProxy$VirtualFilterChain.doFilter(FilterChainProxy.java:365) ~[spring-security-web-6.1.3.jar:6.1.3]
	at org.springframework.security.web.access.intercept.AuthorizationFilter.doFilter(AuthorizationFilter.java:100) ~[spring-security-web-6.1.3.jar:6.1.3]
	at org.springframework.security.web.FilterChainProxy$VirtualFilterChain.doFilter(FilterChainProxy.java:374) ~[spring-security-web-6.1.3.jar:6.1.3]
	at org.springframework.security.web.access.ExceptionTranslationFilter.doFilter(ExceptionTranslationFilter.java:126) ~[spring-security-web-6.1.3.jar:6.1.3]
	at org.springframework.security.web.access.ExceptionTranslationFilter.doFilter(ExceptionTranslationFilter.java:120) ~[spring-security-web-6.1.3.jar:6.1.3]
	at org.springframework.security.web.FilterChainProxy$VirtualFilterChain.doFilter(FilterChainProxy.java:374) ~[spring-security-web-6.1.3.jar:6.1.3]
	at org.springframework.security.web.session.SessionManagementFilter.doFilter(SessionManagementFilter.java:131) ~[spring-security-web-6.1.3.jar:6.1.3]
	at org.springframework.security.web.session.SessionManagementFilter.doFilter(SessionManagementFilter.java:85) ~[spring-security-web-6.1.3.jar:6.1.3]
	at org.springframework.security.web.FilterChainProxy$VirtualFilterChain.doFilter(FilterChainProxy.java:374) ~[spring-security-web-6.1.3.jar:6.1.3]
	at org.springframework.security.web.authentication.AnonymousAuthenticationFilter.doFilter(AnonymousAuthenticationFilter.java:100) ~[spring-security-web-6.1.3.jar:6.1.3]
	at org.springframework.security.web.FilterChainProxy$VirtualFilterChain.doFilter(FilterChainProxy.java:374) ~[spring-security-web-6.1.3.jar:6.1.3]
	at org.springframework.security.web.servletapi.SecurityContextHolderAwareRequestFilter.doFilter(SecurityContextHolderAwareRequestFilter.java:179) ~[spring-security-web-6.1.3.jar:6.1.3]
	at org.springframework.security.web.FilterChainProxy$VirtualFilterChain.doFilter(FilterChainProxy.java:374) ~[spring-security-web-6.1.3.jar:6.1.3]
	at org.springframework.security.web.savedrequest.RequestCacheAwareFilter.doFilter(RequestCacheAwareFilter.java:63) ~[spring-security-web-6.1.3.jar:6.1.3]
	at org.springframework.security.web.FilterChainProxy$VirtualFilterChain.doFilter(FilterChainProxy.java:374) ~[spring-security-web-6.1.3.jar:6.1.3]
	at org.springframework.security.web.authentication.ui.DefaultLogoutPageGeneratingFilter.doFilterInternal(DefaultLogoutPageGeneratingFilter.java:58) ~[spring-security-web-6.1.3.jar:6.1.3]
	at org.springframework.web.filter.OncePerRequestFilter.doFilter(OncePerRequestFilter.java:116) ~[spring-web-6.0.11.jar:6.0.11]
	at org.springframework.security.web.FilterChainProxy$VirtualFilterChain.doFilter(FilterChainProxy.java:374) ~[spring-security-web-6.1.3.jar:6.1.3]
	at org.springframework.security.web.authentication.ui.DefaultLoginPageGeneratingFilter.doFilter(DefaultLoginPageGeneratingFilter.java:188) ~[spring-security-web-6.1.3.jar:6.1.3]
	at org.springframework.security.web.authentication.ui.DefaultLoginPageGeneratingFilter.doFilter(DefaultLoginPageGeneratingFilter.java:174) ~[spring-security-web-6.1.3.jar:6.1.3]
	at org.springframework.security.web.FilterChainProxy$VirtualFilterChain.doFilter(FilterChainProxy.java:374) ~[spring-security-web-6.1.3.jar:6.1.3]
	at org.springframework.security.web.authentication.AbstractAuthenticationProcessingFilter.doFilter(AbstractAuthenticationProcessingFilter.java:227) ~[spring-security-web-6.1.3.jar:6.1.3]
	at org.springframework.security.web.authentication.AbstractAuthenticationProcessingFilter.doFilter(AbstractAuthenticationProcessingFilter.java:221) ~[spring-security-web-6.1.3.jar:6.1.3]
	at org.springframework.security.web.FilterChainProxy$VirtualFilterChain.doFilter(FilterChainProxy.java:374) ~[spring-security-web-6.1.3.jar:6.1.3]
	at com.example.travel_backend.jwt.JwtAuthenticationFilter.doFilterInternal(JwtAuthenticationFilter.java:43) ~[classes/:na]
	at org.springframework.web.filter.OncePerRequestFilter.doFilter(OncePerRequestFilter.java:116) ~[spring-web-6.0.11.jar:6.0.11]
	at org.springframework.security.web.FilterChainProxy$VirtualFilterChain.doFilter(FilterChainProxy.java:374) ~[spring-security-web-6.1.3.jar:6.1.3]
	at org.springframework.security.web.authentication.AbstractAuthenticationProcessingFilter.doFilter(AbstractAuthenticationProcessingFilter.java:227) ~[spring-security-web-6.1.3.jar:6.1.3]
	at org.springframework.security.web.authentication.AbstractAuthenticationProcessingFilter.doFilter(AbstractAuthenticationProcessingFilter.java:221) ~[spring-security-web-6.1.3.jar:6.1.3]
	at org.springframework.security.web.FilterChainProxy$VirtualFilterChain.doFilter(FilterChainProxy.java:374) ~[spring-security-web-6.1.3.jar:6.1.3]
	at org.springframework.security.oauth2.client.web.OAuth2AuthorizationRequestRedirectFilter.doFilterInternal(OAuth2AuthorizationRequestRedirectFilter.java:181) ~[spring-security-oauth2-client-6.1.3.jar:6.1.3]
	at org.springframework.web.filter.OncePerRequestFilter.doFilter(OncePerRequestFilter.java:116) ~[spring-web-6.0.11.jar:6.0.11]
	at org.springframework.security.web.FilterChainProxy$VirtualFilterChain.doFilter(FilterChainProxy.java:374) ~[spring-security-web-6.1.3.jar:6.1.3]
	at org.springframework.security.web.authentication.logout.LogoutFilter.doFilter(LogoutFilter.java:107) ~[spring-security-web-6.1.3.jar:6.1.3]
	at org.springframework.security.web.authentication.logout.LogoutFilter.doFilter(LogoutFilter.java:93) ~[spring-security-web-6.1.3.jar:6.1.3]
	at org.springframework.security.web.FilterChainProxy$VirtualFilterChain.doFilter(FilterChainProxy.java:374) ~[spring-security-web-6.1.3.jar:6.1.3]
	at org.springframework.security.web.header.HeaderWriterFilter.doHeadersAfter(HeaderWriterFilter.java:90) ~[spring-security-web-6.1.3.jar:6.1.3]
	at org.springframework.security.web.header.HeaderWriterFilter.doFilterInternal(HeaderWriterFilter.java:75) ~[spring-security-web-6.1.3.jar:6.1.3]
	at org.springframework.web.filter.OncePerRequestFilter.doFilter(OncePerRequestFilter.java:116) ~[spring-web-6.0.11.jar:6.0.11]
	at org.springframework.security.web.FilterChainProxy$VirtualFilterChain.doFilter(FilterChainProxy.java:374) ~[spring-security-web-6.1.3.jar:6.1.3]
	at org.springframework.security.web.context.SecurityContextHolderFilter.doFilter(SecurityContextHolderFilter.java:82) ~[spring-security-web-6.1.3.jar:6.1.3]
	at org.springframework.security.web.context.SecurityContextHolderFilter.doFilter(SecurityContextHolderFilter.java:69) ~[spring-security-web-6.1.3.jar:6.1.3]
	at org.springframework.security.web.FilterChainProxy$VirtualFilterChain.doFilter(FilterChainProxy.java:374) ~[spring-security-web-6.1.3.jar:6.1.3]
	at org.springframework.security.web.context.request.async.WebAsyncManagerIntegrationFilter.doFilterInternal(WebAsyncManagerIntegrationFilter.java:62) ~[spring-security-web-6.1.3.jar:6.1.3]
	at org.springframework.web.filter.OncePerRequestFilter.doFilter(OncePerRequestFilter.java:116) ~[spring-web-6.0.11.jar:6.0.11]
	at org.springframework.security.web.FilterChainProxy$VirtualFilterChain.doFilter(FilterChainProxy.java:374) ~[spring-security-web-6.1.3.jar:6.1.3]
	at org.springframework.security.web.session.DisableEncodeUrlFilter.doFilterInternal(DisableEncodeUrlFilter.java:42) ~[spring-security-web-6.1.3.jar:6.1.3]
	at org.springframework.web.filter.OncePerRequestFilter.doFilter(OncePerRequestFilter.java:116) ~[spring-web-6.0.11.jar:6.0.11]
	at org.springframework.security.web.FilterChainProxy$VirtualFilterChain.doFilter(FilterChainProxy.java:374) ~[spring-security-web-6.1.3.jar:6.1.3]
	at org.springframework.security.web.FilterChainProxy.doFilterInternal(FilterChainProxy.java:233) ~[spring-security-web-6.1.3.jar:6.1.3]
	at org.springframework.security.web.FilterChainProxy.doFilter(FilterChainProxy.java:191) ~[spring-security-web-6.1.3.jar:6.1.3]
	at org.springframework.web.filter.DelegatingFilterProxy.invokeDelegate(DelegatingFilterProxy.java:352) ~[spring-web-6.0.11.jar:6.0.11]
	at org.springframework.web.filter.DelegatingFilterProxy.doFilter(DelegatingFilterProxy.java:268) ~[spring-web-6.0.11.jar:6.0.11]
	at org.apache.catalina.core.ApplicationFilterChain.internalDoFilter(ApplicationFilterChain.java:174) ~[tomcat-embed-core-10.1.12.jar:10.1.12]
	at org.apache.catalina.core.ApplicationFilterChain.doFilter(ApplicationFilterChain.java:149) ~[tomcat-embed-core-10.1.12.jar:10.1.12]
	at org.springframework.web.filter.RequestContextFilter.doFilterInternal(RequestContextFilter.java:100) ~[spring-web-6.0.11.jar:6.0.11]
	at org.springframework.web.filter.OncePerRequestFilter.doFilter(OncePerRequestFilter.java:116) ~[spring-web-6.0.11.jar:6.0.11]
	at org.apache.catalina.core.ApplicationFilterChain.internalDoFilter(ApplicationFilterChain.java:174) ~[tomcat-embed-core-10.1.12.jar:10.1.12]
	at org.apache.catalina.core.ApplicationFilterChain.doFilter(ApplicationFilterChain.java:149) ~[tomcat-embed-core-10.1.12.jar:10.1.12]
	at org.springframework.web.filter.FormContentFilter.doFilterInternal(FormContentFilter.java:93) ~[spring-web-6.0.11.jar:6.0.11]
	at org.springframework.web.filter.OncePerRequestFilter.doFilter(OncePerRequestFilter.java:116) ~[spring-web-6.0.11.jar:6.0.11]
	at org.apache.catalina.core.ApplicationFilterChain.internalDoFilter(ApplicationFilterChain.java:174) ~[tomcat-embed-core-10.1.12.jar:10.1.12]
	at org.apache.catalina.core.ApplicationFilterChain.doFilter(ApplicationFilterChain.java:149) ~[tomcat-embed-core-10.1.12.jar:10.1.12]
	at org.springframework.web.filter.CharacterEncodingFilter.doFilterInternal(CharacterEncodingFilter.java:201) ~[spring-web-6.0.11.jar:6.0.11]
	at org.springframework.web.filter.OncePerRequestFilter.doFilter(OncePerRequestFilter.java:116) ~[spring-web-6.0.11.jar:6.0.11]
	at org.apache.catalina.core.ApplicationFilterChain.internalDoFilter(ApplicationFilterChain.java:174) ~[tomcat-embed-core-10.1.12.jar:10.1.12]
	at org.apache.catalina.core.ApplicationFilterChain.doFilter(ApplicationFilterChain.java:149) ~[tomcat-embed-core-10.1.12.jar:10.1.12]
	at org.apache.catalina.core.StandardWrapperValve.invoke(StandardWrapperValve.java:166) ~[tomcat-embed-core-10.1.12.jar:10.1.12]
	at org.apache.catalina.core.StandardContextValve.invoke(StandardContextValve.java:90) ~[tomcat-embed-core-10.1.12.jar:10.1.12]
	at org.apache.catalina.authenticator.AuthenticatorBase.invoke(AuthenticatorBase.java:482) ~[tomcat-embed-core-10.1.12.jar:10.1.12]
	at org.apache.catalina.core.StandardHostValve.invoke(StandardHostValve.java:115) ~[tomcat-embed-core-10.1.12.jar:10.1.12]
	at org.apache.catalina.valves.ErrorReportValve.invoke(ErrorReportValve.java:93) ~[tomcat-embed-core-10.1.12.jar:10.1.12]
	at org.apache.catalina.core.StandardEngineValve.invoke(StandardEngineValve.java:74) ~[tomcat-embed-core-10.1.12.jar:10.1.12]
	at org.apache.catalina.connector.CoyoteAdapter.service(CoyoteAdapter.java:341) ~[tomcat-embed-core-10.1.12.jar:10.1.12]
	at org.apache.coyote.http11.Http11Processor.service(Http11Processor.java:391) ~[tomcat-embed-core-10.1.12.jar:10.1.12]
	at org.apache.coyote.AbstractProcessorLight.process(AbstractProcessorLight.java:63) ~[tomcat-embed-core-10.1.12.jar:10.1.12]
	at org.apache.coyote.AbstractProtocol$ConnectionHandler.process(AbstractProtocol.java:894) ~[tomcat-embed-core-10.1.12.jar:10.1.12]
	at org.apache.tomcat.util.net.NioEndpoint$SocketProcessor.doRun(NioEndpoint.java:1740) ~[tomcat-embed-core-10.1.12.jar:10.1.12]
	at org.apache.tomcat.util.net.SocketProcessorBase.run(SocketProcessorBase.java:52) ~[tomcat-embed-core-10.1.12.jar:10.1.12]
	at org.apache.tomcat.util.threads.ThreadPoolExecutor.runWorker(ThreadPoolExecutor.java:1191) ~[tomcat-embed-core-10.1.12.jar:10.1.12]
	at org.apache.tomcat.util.threads.ThreadPoolExecutor$Worker.run(ThreadPoolExecutor.java:659) ~[tomcat-embed-core-10.1.12.jar:10.1.12]
	at org.apache.tomcat.util.threads.TaskThread$WrappingRunnable.run(TaskThread.java:61) ~[tomcat-embed-core-10.1.12.jar:10.1.12]
	at java.base/java.lang.Thread.run(Thread.java:840) ~[na:na]

2024-07-12T23:21:17.325+09:00  INFO 3420 --- [SpringApplicationShutdownHook] j.LocalContainerEntityManagerFactoryBean : Closing JPA EntityManagerFactory for persistence unit 'default'
2024-07-12T23:21:17.327+09:00  INFO 3420 --- [SpringApplicationShutdownHook] com.zaxxer.hikari.HikariDataSource       : HikariPool-1 - Shutdown initiated...
2024-07-12T23:21:17.403+09:00  INFO 3420 --- [SpringApplicationShutdownHook] com.zaxxer.hikari.HikariDataSource       : HikariPool-1 - Shutdown completed.
2024-07-12T23:21:22.080+09:00  INFO 14936 --- [main] c.e.t.TravelBackendApplication           : Starting TravelBackendApplication using Java 17.0.10 with PID 14936 (C:\Users\skyjo\IdeaProjects\travel_point\travel_backend\out\production\classes started by skyjo in C:\Users\skyjo\IdeaProjects\travel_point\travel_backend)
2024-07-12T23:21:22.081+09:00  INFO 14936 --- [main] c.e.t.TravelBackendApplication           : No active profile set, falling back to 1 default profile: "default"
2024-07-12T23:21:22.777+09:00  INFO 14936 --- [main] .s.d.r.c.RepositoryConfigurationDelegate : Bootstrapping Spring Data JPA repositories in DEFAULT mode.
2024-07-12T23:21:22.844+09:00  INFO 14936 --- [main] .s.d.r.c.RepositoryConfigurationDelegate : Finished Spring Data repository scanning in 61 ms. Found 6 JPA repository interfaces.
2024-07-12T23:21:23.306+09:00  INFO 14936 --- [main] o.s.b.w.embedded.tomcat.TomcatWebServer  : Tomcat initialized with port(s): 8080 (http)
2024-07-12T23:21:23.311+09:00  INFO 14936 --- [main] o.apache.catalina.core.StandardService   : Starting service [Tomcat]
2024-07-12T23:21:23.312+09:00  INFO 14936 --- [main] o.apache.catalina.core.StandardEngine    : Starting Servlet engine: [Apache Tomcat/10.1.12]
2024-07-12T23:21:23.396+09:00  INFO 14936 --- [main] o.a.c.c.C.[Tomcat].[localhost].[/]       : Initializing Spring embedded WebApplicationContext
2024-07-12T23:21:23.397+09:00  INFO 14936 --- [main] w.s.c.ServletWebServerApplicationContext : Root WebApplicationContext: initialization completed in 1281 ms
2024-07-12T23:21:23.524+09:00  INFO 14936 --- [main] o.hibernate.jpa.internal.util.LogHelper  : HHH000204: Processing PersistenceUnitInfo [name: default]
2024-07-12T23:21:23.564+09:00  INFO 14936 --- [main] org.hibernate.Version                    : HHH000412: Hibernate ORM core version 6.2.7.Final
2024-07-12T23:21:23.565+09:00  INFO 14936 --- [main] org.hibernate.cfg.Environment            : HHH000406: Using bytecode reflection optimizer
2024-07-12T23:21:23.683+09:00  INFO 14936 --- [main] o.h.b.i.BytecodeProviderInitiator        : HHH000021: Bytecode provider name : bytebuddy
2024-07-12T23:21:23.774+09:00  INFO 14936 --- [main] o.s.o.j.p.SpringPersistenceUnitInfo      : No LoadTimeWeaver setup: ignoring JPA class transformer
2024-07-12T23:21:23.783+09:00  INFO 14936 --- [main] com.zaxxer.hikari.HikariDataSource       : HikariPool-1 - Starting...
2024-07-12T23:21:24.116+09:00  INFO 14936 --- [main] com.zaxxer.hikari.pool.HikariPool        : HikariPool-1 - Added connection com.mysql.cj.jdbc.ConnectionImpl@30fa8a6b
2024-07-12T23:21:24.118+09:00  INFO 14936 --- [main] com.zaxxer.hikari.HikariDataSource       : HikariPool-1 - Start completed.
2024-07-12T23:21:24.389+09:00  INFO 14936 --- [main] o.h.b.i.BytecodeProviderInitiator        : HHH000021: Bytecode provider name : bytebuddy
2024-07-12T23:21:24.937+09:00  INFO 14936 --- [main] o.h.e.t.j.p.i.JtaPlatformInitiator       : HHH000490: Using JtaPlatform implementation: [org.hibernate.engine.transaction.jta.platform.internal.NoJtaPlatform]
2024-07-12T23:21:24.941+09:00  INFO 14936 --- [main] j.LocalContainerEntityManagerFactoryBean : Initialized JPA EntityManagerFactory for persistence unit 'default'
2024-07-12T23:21:25.149+09:00  WARN 14936 --- [main] ocalVariableTableParameterNameDiscoverer : Using deprecated '-debug' fallback for parameter name resolution. Compile the affected code with '-parameters' instead or avoid its introspection: com.example.travel_backend.repository.MemberRepository
2024-07-12T23:21:25.420+09:00  WARN 14936 --- [main] ocalVariableTableParameterNameDiscoverer : Using deprecated '-debug' fallback for parameter name resolution. Compile the affected code with '-parameters' instead or avoid its introspection: com.example.travel_backend.repository.FavoritesRepository
2024-07-12T23:21:25.503+09:00  INFO 14936 --- [main] o.s.d.j.r.query.QueryEnhancerFactory     : Hibernate is in classpath; If applicable, HQL parser will be used.
2024-07-12T23:21:25.679+09:00  WARN 14936 --- [main] ocalVariableTableParameterNameDiscoverer : Using deprecated '-debug' fallback for parameter name resolution. Compile the affected code with '-parameters' instead or avoid its introspection: com.example.travel_backend.repository.ReviewRepository
2024-07-12T23:21:25.720+09:00  WARN 14936 --- [main] ocalVariableTableParameterNameDiscoverer : Using deprecated '-debug' fallback for parameter name resolution. Compile the affected code with '-parameters' instead or avoid its introspection: com.example.travel_backend.repository.ReviewLikeRepository
2024-07-12T23:21:25.829+09:00  WARN 14936 --- [main] ocalVariableTableParameterNameDiscoverer : Using deprecated '-debug' fallback for parameter name resolution. Compile the affected code with '-parameters' instead or avoid its introspection: com.example.travel_backend.repository.ReportRepository
2024-07-12T23:21:26.037+09:00  WARN 14936 --- [main] JpaBaseConfiguration$JpaWebConfiguration : spring.jpa.open-in-view is enabled by default. Therefore, database queries may be performed during view rendering. Explicitly configure spring.jpa.open-in-view to disable this warning
2024-07-12T23:21:26.292+09:00  INFO 14936 --- [main] o.s.s.web.DefaultSecurityFilterChain     : Will secure any request with [org.springframework.security.web.session.DisableEncodeUrlFilter@2cb3bc0e, org.springframework.security.web.context.request.async.WebAsyncManagerIntegrationFilter@511f21f9, org.springframework.security.web.context.SecurityContextHolderFilter@95f61c2, org.springframework.security.web.header.HeaderWriterFilter@43f670f3, org.springframework.security.web.authentication.logout.LogoutFilter@71b9b035, org.springframework.security.oauth2.client.web.OAuth2AuthorizationRequestRedirectFilter@162ccd19, org.springframework.security.oauth2.client.web.OAuth2LoginAuthenticationFilter@674f22ce, com.example.travel_backend.jwt.JwtAuthenticationFilter@5f97d43e, org.springframework.security.web.authentication.UsernamePasswordAuthenticationFilter@68fe866b, org.springframework.security.web.authentication.ui.DefaultLoginPageGeneratingFilter@4a58d05d, org.springframework.security.web.authentication.ui.DefaultLogoutPageGeneratingFilter@25c6a9de, org.springframework.security.web.savedrequest.RequestCacheAwareFilter@41f05f1, org.springframework.security.web.servletapi.SecurityContextHolderAwareRequestFilter@57cd5cc9, org.springframework.security.web.authentication.AnonymousAuthenticationFilter@142422a4, org.springframework.security.web.session.SessionManagementFilter@3a42610, org.springframework.security.web.access.ExceptionTranslationFilter@c197f46, org.springframework.security.web.access.intercept.AuthorizationFilter@2a6f3ac7]
2024-07-12T23:21:26.566+09:00  INFO 14936 --- [main] o.s.b.w.embedded.tomcat.TomcatWebServer  : Tomcat started on port(s): 8080 (http) with context path ''
2024-07-12T23:21:26.573+09:00  INFO 14936 --- [main] c.e.t.TravelBackendApplication           : Started TravelBackendApplication in 4.865 seconds (process running for 5.507)
2024-07-12T23:21:39.433+09:00  INFO 14936 --- [http-nio-8080-exec-2] o.a.c.c.C.[Tomcat].[localhost].[/]       : Initializing Spring DispatcherServlet 'dispatcherServlet'
2024-07-12T23:21:39.434+09:00  INFO 14936 --- [http-nio-8080-exec-2] o.s.web.servlet.DispatcherServlet        : Initializing Servlet 'dispatcherServlet'
2024-07-12T23:21:39.436+09:00  INFO 14936 --- [http-nio-8080-exec-2] o.s.web.servlet.DispatcherServlet        : Completed initialization in 2 ms
2024-07-12T23:21:39.445+09:00 DEBUG 14936 --- [http-nio-8080-exec-2] c.e.t.jwt.JwtAuthenticationFilter        : JWT Token: null
2024-07-12T23:21:39.797+09:00 ERROR 14936 --- [http-nio-8080-exec-2] c.e.t.service.MemberService              : Login failed for user: skyjoon2@naver.com

org.springframework.security.authentication.BadCredentialsException: 자격 증명에 실패하였습니다.
	at org.springframework.security.authentication.dao.DaoAuthenticationProvider.additionalAuthenticationChecks(DaoAuthenticationProvider.java:89) ~[spring-security-core-6.1.3.jar:6.1.3]
	at org.springframework.security.authentication.dao.AbstractUserDetailsAuthenticationProvider.authenticate(AbstractUserDetailsAuthenticationProvider.java:147) ~[spring-security-core-6.1.3.jar:6.1.3]
	at org.springframework.security.authentication.ProviderManager.authenticate(ProviderManager.java:182) ~[spring-security-core-6.1.3.jar:6.1.3]
	at com.example.travel_backend.service.MemberService.login(MemberService.java:48) ~[classes/:na]
	at java.base/jdk.internal.reflect.NativeMethodAccessorImpl.invoke0(Native Method) ~[na:na]
	at java.base/jdk.internal.reflect.NativeMethodAccessorImpl.invoke(NativeMethodAccessorImpl.java:77) ~[na:na]
	at java.base/jdk.internal.reflect.DelegatingMethodAccessorImpl.invoke(DelegatingMethodAccessorImpl.java:43) ~[na:na]
	at java.base/java.lang.reflect.Method.invoke(Method.java:568) ~[na:na]
	at org.springframework.aop.support.AopUtils.invokeJoinpointUsingReflection(AopUtils.java:343) ~[spring-aop-6.0.11.jar:6.0.11]
	at org.springframework.aop.framework.ReflectiveMethodInvocation.invokeJoinpoint(ReflectiveMethodInvocation.java:196) ~[spring-aop-6.0.11.jar:6.0.11]
	at org.springframework.aop.framework.ReflectiveMethodInvocation.proceed(ReflectiveMethodInvocation.java:163) ~[spring-aop-6.0.11.jar:6.0.11]
	at org.springframework.aop.framework.CglibAopProxy$CglibMethodInvocation.proceed(CglibAopProxy.java:756) ~[spring-aop-6.0.11.jar:6.0.11]
	at org.springframework.transaction.interceptor.TransactionInterceptor$1.proceedWithInvocation(TransactionInterceptor.java:123) ~[spring-tx-6.0.11.jar:6.0.11]
	at org.springframework.transaction.interceptor.TransactionAspectSupport.invokeWithinTransaction(TransactionAspectSupport.java:391) ~[spring-tx-6.0.11.jar:6.0.11]
	at org.springframework.transaction.interceptor.TransactionInterceptor.invoke(TransactionInterceptor.java:119) ~[spring-tx-6.0.11.jar:6.0.11]
	at org.springframework.aop.framework.ReflectiveMethodInvocation.proceed(ReflectiveMethodInvocation.java:184) ~[spring-aop-6.0.11.jar:6.0.11]
	at org.springframework.aop.framework.CglibAopProxy$CglibMethodInvocation.proceed(CglibAopProxy.java:756) ~[spring-aop-6.0.11.jar:6.0.11]
	at org.springframework.aop.framework.CglibAopProxy$DynamicAdvisedInterceptor.intercept(CglibAopProxy.java:708) ~[spring-aop-6.0.11.jar:6.0.11]
	at com.example.travel_backend.service.MemberService$$SpringCGLIB$$0.login(<generated>) ~[classes/:na]
	at com.example.travel_backend.controller.login.LoginController.loginForm(LoginController.java:52) ~[classes/:na]
	at java.base/jdk.internal.reflect.NativeMethodAccessorImpl.invoke0(Native Method) ~[na:na]
	at java.base/jdk.internal.reflect.NativeMethodAccessorImpl.invoke(NativeMethodAccessorImpl.java:77) ~[na:na]
	at java.base/jdk.internal.reflect.DelegatingMethodAccessorImpl.invoke(DelegatingMethodAccessorImpl.java:43) ~[na:na]
	at java.base/java.lang.reflect.Method.invoke(Method.java:568) ~[na:na]
	at org.springframework.web.method.support.InvocableHandlerMethod.doInvoke(InvocableHandlerMethod.java:205) ~[spring-web-6.0.11.jar:6.0.11]
	at org.springframework.web.method.support.InvocableHandlerMethod.invokeForRequest(InvocableHandlerMethod.java:150) ~[spring-web-6.0.11.jar:6.0.11]
	at org.springframework.web.servlet.mvc.method.annotation.ServletInvocableHandlerMethod.invokeAndHandle(ServletInvocableHandlerMethod.java:118) ~[spring-webmvc-6.0.11.jar:6.0.11]
	at org.springframework.web.servlet.mvc.method.annotation.RequestMappingHandlerAdapter.invokeHandlerMethod(RequestMappingHandlerAdapter.java:884) ~[spring-webmvc-6.0.11.jar:6.0.11]
	at org.springframework.web.servlet.mvc.method.annotation.RequestMappingHandlerAdapter.handleInternal(RequestMappingHandlerAdapter.java:797) ~[spring-webmvc-6.0.11.jar:6.0.11]
	at org.springframework.web.servlet.mvc.method.AbstractHandlerMethodAdapter.handle(AbstractHandlerMethodAdapter.java:87) ~[spring-webmvc-6.0.11.jar:6.0.11]
	at org.springframework.web.servlet.DispatcherServlet.doDispatch(DispatcherServlet.java:1081) ~[spring-webmvc-6.0.11.jar:6.0.11]
	at org.springframework.web.servlet.DispatcherServlet.doService(DispatcherServlet.java:974) ~[spring-webmvc-6.0.11.jar:6.0.11]
	at org.springframework.web.servlet.FrameworkServlet.processRequest(FrameworkServlet.java:1011) ~[spring-webmvc-6.0.11.jar:6.0.11]
	at org.springframework.web.servlet.FrameworkServlet.doPost(FrameworkServlet.java:914) ~[spring-webmvc-6.0.11.jar:6.0.11]
	at jakarta.servlet.http.HttpServlet.service(HttpServlet.java:590) ~[tomcat-embed-core-10.1.12.jar:6.0]
	at org.springframework.web.servlet.FrameworkServlet.service(FrameworkServlet.java:885) ~[spring-webmvc-6.0.11.jar:6.0.11]
	at jakarta.servlet.http.HttpServlet.service(HttpServlet.java:658) ~[tomcat-embed-core-10.1.12.jar:6.0]
	at org.apache.catalina.core.ApplicationFilterChain.internalDoFilter(ApplicationFilterChain.java:205) ~[tomcat-embed-core-10.1.12.jar:10.1.12]
	at org.apache.catalina.core.ApplicationFilterChain.doFilter(ApplicationFilterChain.java:149) ~[tomcat-embed-core-10.1.12.jar:10.1.12]
	at org.apache.tomcat.websocket.server.WsFilter.doFilter(WsFilter.java:51) ~[tomcat-embed-websocket-10.1.12.jar:10.1.12]
	at org.apache.catalina.core.ApplicationFilterChain.internalDoFilter(ApplicationFilterChain.java:174) ~[tomcat-embed-core-10.1.12.jar:10.1.12]
	at org.apache.catalina.core.ApplicationFilterChain.doFilter(ApplicationFilterChain.java:149) ~[tomcat-embed-core-10.1.12.jar:10.1.12]
	at org.springframework.security.web.FilterChainProxy.lambda$doFilterInternal$3(FilterChainProxy.java:231) ~[spring-security-web-6.1.3.jar:6.1.3]
	at org.springframework.security.web.FilterChainProxy$VirtualFilterChain.doFilter(FilterChainProxy.java:365) ~[spring-security-web-6.1.3.jar:6.1.3]
	at org.springframework.security.web.access.intercept.AuthorizationFilter.doFilter(AuthorizationFilter.java:100) ~[spring-security-web-6.1.3.jar:6.1.3]
	at org.springframework.security.web.FilterChainProxy$VirtualFilterChain.doFilter(FilterChainProxy.java:374) ~[spring-security-web-6.1.3.jar:6.1.3]
	at org.springframework.security.web.access.ExceptionTranslationFilter.doFilter(ExceptionTranslationFilter.java:126) ~[spring-security-web-6.1.3.jar:6.1.3]
	at org.springframework.security.web.access.ExceptionTranslationFilter.doFilter(ExceptionTranslationFilter.java:120) ~[spring-security-web-6.1.3.jar:6.1.3]
	at org.springframework.security.web.FilterChainProxy$VirtualFilterChain.doFilter(FilterChainProxy.java:374) ~[spring-security-web-6.1.3.jar:6.1.3]
	at org.springframework.security.web.session.SessionManagementFilter.doFilter(SessionManagementFilter.java:131) ~[spring-security-web-6.1.3.jar:6.1.3]
	at org.springframework.security.web.session.SessionManagementFilter.doFilter(SessionManagementFilter.java:85) ~[spring-security-web-6.1.3.jar:6.1.3]
	at org.springframework.security.web.FilterChainProxy$VirtualFilterChain.doFilter(FilterChainProxy.java:374) ~[spring-security-web-6.1.3.jar:6.1.3]
	at org.springframework.security.web.authentication.AnonymousAuthenticationFilter.doFilter(AnonymousAuthenticationFilter.java:100) ~[spring-security-web-6.1.3.jar:6.1.3]
	at org.springframework.security.web.FilterChainProxy$VirtualFilterChain.doFilter(FilterChainProxy.java:374) ~[spring-security-web-6.1.3.jar:6.1.3]
	at org.springframework.security.web.servletapi.SecurityContextHolderAwareRequestFilter.doFilter(SecurityContextHolderAwareRequestFilter.java:179) ~[spring-security-web-6.1.3.jar:6.1.3]
	at org.springframework.security.web.FilterChainProxy$VirtualFilterChain.doFilter(FilterChainProxy.java:374) ~[spring-security-web-6.1.3.jar:6.1.3]
	at org.springframework.security.web.savedrequest.RequestCacheAwareFilter.doFilter(RequestCacheAwareFilter.java:63) ~[spring-security-web-6.1.3.jar:6.1.3]
	at org.springframework.security.web.FilterChainProxy$VirtualFilterChain.doFilter(FilterChainProxy.java:374) ~[spring-security-web-6.1.3.jar:6.1.3]
	at org.springframework.security.web.authentication.ui.DefaultLogoutPageGeneratingFilter.doFilterInternal(DefaultLogoutPageGeneratingFilter.java:58) ~[spring-security-web-6.1.3.jar:6.1.3]
	at org.springframework.web.filter.OncePerRequestFilter.doFilter(OncePerRequestFilter.java:116) ~[spring-web-6.0.11.jar:6.0.11]
	at org.springframework.security.web.FilterChainProxy$VirtualFilterChain.doFilter(FilterChainProxy.java:374) ~[spring-security-web-6.1.3.jar:6.1.3]
	at org.springframework.security.web.authentication.ui.DefaultLoginPageGeneratingFilter.doFilter(DefaultLoginPageGeneratingFilter.java:188) ~[spring-security-web-6.1.3.jar:6.1.3]
	at org.springframework.security.web.authentication.ui.DefaultLoginPageGeneratingFilter.doFilter(DefaultLoginPageGeneratingFilter.java:174) ~[spring-security-web-6.1.3.jar:6.1.3]
	at org.springframework.security.web.FilterChainProxy$VirtualFilterChain.doFilter(FilterChainProxy.java:374) ~[spring-security-web-6.1.3.jar:6.1.3]
	at org.springframework.security.web.authentication.AbstractAuthenticationProcessingFilter.doFilter(AbstractAuthenticationProcessingFilter.java:227) ~[spring-security-web-6.1.3.jar:6.1.3]
	at org.springframework.security.web.authentication.AbstractAuthenticationProcessingFilter.doFilter(AbstractAuthenticationProcessingFilter.java:221) ~[spring-security-web-6.1.3.jar:6.1.3]
	at org.springframework.security.web.FilterChainProxy$VirtualFilterChain.doFilter(FilterChainProxy.java:374) ~[spring-security-web-6.1.3.jar:6.1.3]
	at com.example.travel_backend.jwt.JwtAuthenticationFilter.doFilterInternal(JwtAuthenticationFilter.java:43) ~[classes/:na]
	at org.springframework.web.filter.OncePerRequestFilter.doFilter(OncePerRequestFilter.java:116) ~[spring-web-6.0.11.jar:6.0.11]
	at org.springframework.security.web.FilterChainProxy$VirtualFilterChain.doFilter(FilterChainProxy.java:374) ~[spring-security-web-6.1.3.jar:6.1.3]
	at org.springframework.security.web.authentication.AbstractAuthenticationProcessingFilter.doFilter(AbstractAuthenticationProcessingFilter.java:227) ~[spring-security-web-6.1.3.jar:6.1.3]
	at org.springframework.security.web.authentication.AbstractAuthenticationProcessingFilter.doFilter(AbstractAuthenticationProcessingFilter.java:221) ~[spring-security-web-6.1.3.jar:6.1.3]
	at org.springframework.security.web.FilterChainProxy$VirtualFilterChain.doFilter(FilterChainProxy.java:374) ~[spring-security-web-6.1.3.jar:6.1.3]
	at org.springframework.security.oauth2.client.web.OAuth2AuthorizationRequestRedirectFilter.doFilterInternal(OAuth2AuthorizationRequestRedirectFilter.java:181) ~[spring-security-oauth2-client-6.1.3.jar:6.1.3]
	at org.springframework.web.filter.OncePerRequestFilter.doFilter(OncePerRequestFilter.java:116) ~[spring-web-6.0.11.jar:6.0.11]
	at org.springframework.security.web.FilterChainProxy$VirtualFilterChain.doFilter(FilterChainProxy.java:374) ~[spring-security-web-6.1.3.jar:6.1.3]
	at org.springframework.security.web.authentication.logout.LogoutFilter.doFilter(LogoutFilter.java:107) ~[spring-security-web-6.1.3.jar:6.1.3]
	at org.springframework.security.web.authentication.logout.LogoutFilter.doFilter(LogoutFilter.java:93) ~[spring-security-web-6.1.3.jar:6.1.3]
	at org.springframework.security.web.FilterChainProxy$VirtualFilterChain.doFilter(FilterChainProxy.java:374) ~[spring-security-web-6.1.3.jar:6.1.3]
	at org.springframework.security.web.header.HeaderWriterFilter.doHeadersAfter(HeaderWriterFilter.java:90) ~[spring-security-web-6.1.3.jar:6.1.3]
	at org.springframework.security.web.header.HeaderWriterFilter.doFilterInternal(HeaderWriterFilter.java:75) ~[spring-security-web-6.1.3.jar:6.1.3]
	at org.springframework.web.filter.OncePerRequestFilter.doFilter(OncePerRequestFilter.java:116) ~[spring-web-6.0.11.jar:6.0.11]
	at org.springframework.security.web.FilterChainProxy$VirtualFilterChain.doFilter(FilterChainProxy.java:374) ~[spring-security-web-6.1.3.jar:6.1.3]
	at org.springframework.security.web.context.SecurityContextHolderFilter.doFilter(SecurityContextHolderFilter.java:82) ~[spring-security-web-6.1.3.jar:6.1.3]
	at org.springframework.security.web.context.SecurityContextHolderFilter.doFilter(SecurityContextHolderFilter.java:69) ~[spring-security-web-6.1.3.jar:6.1.3]
	at org.springframework.security.web.FilterChainProxy$VirtualFilterChain.doFilter(FilterChainProxy.java:374) ~[spring-security-web-6.1.3.jar:6.1.3]
	at org.springframework.security.web.context.request.async.WebAsyncManagerIntegrationFilter.doFilterInternal(WebAsyncManagerIntegrationFilter.java:62) ~[spring-security-web-6.1.3.jar:6.1.3]
	at org.springframework.web.filter.OncePerRequestFilter.doFilter(OncePerRequestFilter.java:116) ~[spring-web-6.0.11.jar:6.0.11]
	at org.springframework.security.web.FilterChainProxy$VirtualFilterChain.doFilter(FilterChainProxy.java:374) ~[spring-security-web-6.1.3.jar:6.1.3]
	at org.springframework.security.web.session.DisableEncodeUrlFilter.doFilterInternal(DisableEncodeUrlFilter.java:42) ~[spring-security-web-6.1.3.jar:6.1.3]
	at org.springframework.web.filter.OncePerRequestFilter.doFilter(OncePerRequestFilter.java:116) ~[spring-web-6.0.11.jar:6.0.11]
	at org.springframework.security.web.FilterChainProxy$VirtualFilterChain.doFilter(FilterChainProxy.java:374) ~[spring-security-web-6.1.3.jar:6.1.3]
	at org.springframework.security.web.FilterChainProxy.doFilterInternal(FilterChainProxy.java:233) ~[spring-security-web-6.1.3.jar:6.1.3]
	at org.springframework.security.web.FilterChainProxy.doFilter(FilterChainProxy.java:191) ~[spring-security-web-6.1.3.jar:6.1.3]
	at org.springframework.web.filter.DelegatingFilterProxy.invokeDelegate(DelegatingFilterProxy.java:352) ~[spring-web-6.0.11.jar:6.0.11]
	at org.springframework.web.filter.DelegatingFilterProxy.doFilter(DelegatingFilterProxy.java:268) ~[spring-web-6.0.11.jar:6.0.11]
	at org.apache.catalina.core.ApplicationFilterChain.internalDoFilter(ApplicationFilterChain.java:174) ~[tomcat-embed-core-10.1.12.jar:10.1.12]
	at org.apache.catalina.core.ApplicationFilterChain.doFilter(ApplicationFilterChain.java:149) ~[tomcat-embed-core-10.1.12.jar:10.1.12]
	at org.springframework.web.filter.RequestContextFilter.doFilterInternal(RequestContextFilter.java:100) ~[spring-web-6.0.11.jar:6.0.11]
	at org.springframework.web.filter.OncePerRequestFilter.doFilter(OncePerRequestFilter.java:116) ~[spring-web-6.0.11.jar:6.0.11]
	at org.apache.catalina.core.ApplicationFilterChain.internalDoFilter(ApplicationFilterChain.java:174) ~[tomcat-embed-core-10.1.12.jar:10.1.12]
	at org.apache.catalina.core.ApplicationFilterChain.doFilter(ApplicationFilterChain.java:149) ~[tomcat-embed-core-10.1.12.jar:10.1.12]
	at org.springframework.web.filter.FormContentFilter.doFilterInternal(FormContentFilter.java:93) ~[spring-web-6.0.11.jar:6.0.11]
	at org.springframework.web.filter.OncePerRequestFilter.doFilter(OncePerRequestFilter.java:116) ~[spring-web-6.0.11.jar:6.0.11]
	at org.apache.catalina.core.ApplicationFilterChain.internalDoFilter(ApplicationFilterChain.java:174) ~[tomcat-embed-core-10.1.12.jar:10.1.12]
	at org.apache.catalina.core.ApplicationFilterChain.doFilter(ApplicationFilterChain.java:149) ~[tomcat-embed-core-10.1.12.jar:10.1.12]
	at org.springframework.web.filter.CharacterEncodingFilter.doFilterInternal(CharacterEncodingFilter.java:201) ~[spring-web-6.0.11.jar:6.0.11]
	at org.springframework.web.filter.OncePerRequestFilter.doFilter(OncePerRequestFilter.java:116) ~[spring-web-6.0.11.jar:6.0.11]
	at org.apache.catalina.core.ApplicationFilterChain.internalDoFilter(ApplicationFilterChain.java:174) ~[tomcat-embed-core-10.1.12.jar:10.1.12]
	at org.apache.catalina.core.ApplicationFilterChain.doFilter(ApplicationFilterChain.java:149) ~[tomcat-embed-core-10.1.12.jar:10.1.12]
	at org.apache.catalina.core.StandardWrapperValve.invoke(StandardWrapperValve.java:166) ~[tomcat-embed-core-10.1.12.jar:10.1.12]
	at org.apache.catalina.core.StandardContextValve.invoke(StandardContextValve.java:90) ~[tomcat-embed-core-10.1.12.jar:10.1.12]
	at org.apache.catalina.authenticator.AuthenticatorBase.invoke(AuthenticatorBase.java:482) ~[tomcat-embed-core-10.1.12.jar:10.1.12]
	at org.apache.catalina.core.StandardHostValve.invoke(StandardHostValve.java:115) ~[tomcat-embed-core-10.1.12.jar:10.1.12]
	at org.apache.catalina.valves.ErrorReportValve.invoke(ErrorReportValve.java:93) ~[tomcat-embed-core-10.1.12.jar:10.1.12]
	at org.apache.catalina.core.StandardEngineValve.invoke(StandardEngineValve.java:74) ~[tomcat-embed-core-10.1.12.jar:10.1.12]
	at org.apache.catalina.connector.CoyoteAdapter.service(CoyoteAdapter.java:341) ~[tomcat-embed-core-10.1.12.jar:10.1.12]
	at org.apache.coyote.http11.Http11Processor.service(Http11Processor.java:391) ~[tomcat-embed-core-10.1.12.jar:10.1.12]
	at org.apache.coyote.AbstractProcessorLight.process(AbstractProcessorLight.java:63) ~[tomcat-embed-core-10.1.12.jar:10.1.12]
	at org.apache.coyote.AbstractProtocol$ConnectionHandler.process(AbstractProtocol.java:894) ~[tomcat-embed-core-10.1.12.jar:10.1.12]
	at org.apache.tomcat.util.net.NioEndpoint$SocketProcessor.doRun(NioEndpoint.java:1740) ~[tomcat-embed-core-10.1.12.jar:10.1.12]
	at org.apache.tomcat.util.net.SocketProcessorBase.run(SocketProcessorBase.java:52) ~[tomcat-embed-core-10.1.12.jar:10.1.12]
	at org.apache.tomcat.util.threads.ThreadPoolExecutor.runWorker(ThreadPoolExecutor.java:1191) ~[tomcat-embed-core-10.1.12.jar:10.1.12]
	at org.apache.tomcat.util.threads.ThreadPoolExecutor$Worker.run(ThreadPoolExecutor.java:659) ~[tomcat-embed-core-10.1.12.jar:10.1.12]
	at org.apache.tomcat.util.threads.TaskThread$WrappingRunnable.run(TaskThread.java:61) ~[tomcat-embed-core-10.1.12.jar:10.1.12]
	at java.base/java.lang.Thread.run(Thread.java:840) ~[na:na]

2024-07-12T23:23:01.262+09:00  INFO 14936 --- [SpringApplicationShutdownHook] j.LocalContainerEntityManagerFactoryBean : Closing JPA EntityManagerFactory for persistence unit 'default'
2024-07-12T23:23:01.266+09:00  INFO 14936 --- [SpringApplicationShutdownHook] com.zaxxer.hikari.HikariDataSource       : HikariPool-1 - Shutdown initiated...
2024-07-12T23:23:01.429+09:00  INFO 14936 --- [SpringApplicationShutdownHook] com.zaxxer.hikari.HikariDataSource       : HikariPool-1 - Shutdown completed.
2024-07-12T23:23:06.592+09:00  INFO 6124 --- [main] c.e.t.TravelBackendApplication           : Starting TravelBackendApplication using Java 17.0.10 with PID 6124 (C:\Users\skyjo\IdeaProjects\travel_point\travel_backend\out\production\classes started by skyjo in C:\Users\skyjo\IdeaProjects\travel_point\travel_backend)
2024-07-12T23:23:06.595+09:00  INFO 6124 --- [main] c.e.t.TravelBackendApplication           : No active profile set, falling back to 1 default profile: "default"
2024-07-12T23:23:07.393+09:00  INFO 6124 --- [main] .s.d.r.c.RepositoryConfigurationDelegate : Bootstrapping Spring Data JPA repositories in DEFAULT mode.
2024-07-12T23:23:07.462+09:00  INFO 6124 --- [main] .s.d.r.c.RepositoryConfigurationDelegate : Finished Spring Data repository scanning in 63 ms. Found 6 JPA repository interfaces.
2024-07-12T23:23:07.980+09:00  INFO 6124 --- [main] o.s.b.w.embedded.tomcat.TomcatWebServer  : Tomcat initialized with port(s): 8080 (http)
2024-07-12T23:23:07.987+09:00  INFO 6124 --- [main] o.apache.catalina.core.StandardService   : Starting service [Tomcat]
2024-07-12T23:23:07.987+09:00  INFO 6124 --- [main] o.apache.catalina.core.StandardEngine    : Starting Servlet engine: [Apache Tomcat/10.1.12]
2024-07-12T23:23:08.072+09:00  INFO 6124 --- [main] o.a.c.c.C.[Tomcat].[localhost].[/]       : Initializing Spring embedded WebApplicationContext
2024-07-12T23:23:08.072+09:00  INFO 6124 --- [main] w.s.c.ServletWebServerApplicationContext : Root WebApplicationContext: initialization completed in 1434 ms
2024-07-12T23:23:08.198+09:00  INFO 6124 --- [main] o.hibernate.jpa.internal.util.LogHelper  : HHH000204: Processing PersistenceUnitInfo [name: default]
2024-07-12T23:23:08.239+09:00  INFO 6124 --- [main] org.hibernate.Version                    : HHH000412: Hibernate ORM core version 6.2.7.Final
2024-07-12T23:23:08.241+09:00  INFO 6124 --- [main] org.hibernate.cfg.Environment            : HHH000406: Using bytecode reflection optimizer
2024-07-12T23:23:08.352+09:00  INFO 6124 --- [main] o.h.b.i.BytecodeProviderInitiator        : HHH000021: Bytecode provider name : bytebuddy
2024-07-12T23:23:08.439+09:00  INFO 6124 --- [main] o.s.o.j.p.SpringPersistenceUnitInfo      : No LoadTimeWeaver setup: ignoring JPA class transformer
2024-07-12T23:23:08.449+09:00  INFO 6124 --- [main] com.zaxxer.hikari.HikariDataSource       : HikariPool-1 - Starting...
2024-07-12T23:23:08.710+09:00  INFO 6124 --- [main] com.zaxxer.hikari.pool.HikariPool        : HikariPool-1 - Added connection com.mysql.cj.jdbc.ConnectionImpl@6f112f70
2024-07-12T23:23:08.712+09:00  INFO 6124 --- [main] com.zaxxer.hikari.HikariDataSource       : HikariPool-1 - Start completed.
2024-07-12T23:23:08.955+09:00  INFO 6124 --- [main] o.h.b.i.BytecodeProviderInitiator        : HHH000021: Bytecode provider name : bytebuddy
2024-07-12T23:23:09.538+09:00  INFO 6124 --- [main] o.h.e.t.j.p.i.JtaPlatformInitiator       : HHH000490: Using JtaPlatform implementation: [org.hibernate.engine.transaction.jta.platform.internal.NoJtaPlatform]
2024-07-12T23:23:09.542+09:00  INFO 6124 --- [main] j.LocalContainerEntityManagerFactoryBean : Initialized JPA EntityManagerFactory for persistence unit 'default'
2024-07-12T23:23:09.759+09:00  WARN 6124 --- [main] ocalVariableTableParameterNameDiscoverer : Using deprecated '-debug' fallback for parameter name resolution. Compile the affected code with '-parameters' instead or avoid its introspection: com.example.travel_backend.repository.MemberRepository
2024-07-12T23:23:10.033+09:00  WARN 6124 --- [main] ocalVariableTableParameterNameDiscoverer : Using deprecated '-debug' fallback for parameter name resolution. Compile the affected code with '-parameters' instead or avoid its introspection: com.example.travel_backend.repository.FavoritesRepository
2024-07-12T23:23:10.115+09:00  INFO 6124 --- [main] o.s.d.j.r.query.QueryEnhancerFactory     : Hibernate is in classpath; If applicable, HQL parser will be used.
2024-07-12T23:23:10.311+09:00  WARN 6124 --- [main] ocalVariableTableParameterNameDiscoverer : Using deprecated '-debug' fallback for parameter name resolution. Compile the affected code with '-parameters' instead or avoid its introspection: com.example.travel_backend.repository.ReviewRepository
2024-07-12T23:23:10.353+09:00  WARN 6124 --- [main] ocalVariableTableParameterNameDiscoverer : Using deprecated '-debug' fallback for parameter name resolution. Compile the affected code with '-parameters' instead or avoid its introspection: com.example.travel_backend.repository.ReviewLikeRepository
2024-07-12T23:23:10.460+09:00  WARN 6124 --- [main] ocalVariableTableParameterNameDiscoverer : Using deprecated '-debug' fallback for parameter name resolution. Compile the affected code with '-parameters' instead or avoid its introspection: com.example.travel_backend.repository.ReportRepository
2024-07-12T23:23:10.670+09:00  WARN 6124 --- [main] JpaBaseConfiguration$JpaWebConfiguration : spring.jpa.open-in-view is enabled by default. Therefore, database queries may be performed during view rendering. Explicitly configure spring.jpa.open-in-view to disable this warning
2024-07-12T23:23:10.926+09:00  INFO 6124 --- [main] o.s.s.web.DefaultSecurityFilterChain     : Will secure any request with [org.springframework.security.web.session.DisableEncodeUrlFilter@3d980928, org.springframework.security.web.context.request.async.WebAsyncManagerIntegrationFilter@7e8e111d, org.springframework.security.web.context.SecurityContextHolderFilter@3a42610, org.springframework.security.web.header.HeaderWriterFilter@4c5d934b, org.springframework.security.web.authentication.logout.LogoutFilter@3927de0e, org.springframework.security.oauth2.client.web.OAuth2AuthorizationRequestRedirectFilter@1dad97ed, org.springframework.security.oauth2.client.web.OAuth2LoginAuthenticationFilter@7479b19a, com.example.travel_backend.jwt.JwtAuthenticationFilter@7781b55f, org.springframework.security.web.authentication.UsernamePasswordAuthenticationFilter@67afba96, org.springframework.security.web.authentication.ui.DefaultLoginPageGeneratingFilter@5aeaee3, org.springframework.security.web.authentication.ui.DefaultLogoutPageGeneratingFilter@2cb3bc0e, org.springframework.security.web.savedrequest.RequestCacheAwareFilter@610640e3, org.springframework.security.web.servletapi.SecurityContextHolderAwareRequestFilter@95f61c2, org.springframework.security.web.authentication.AnonymousAuthenticationFilter@511f21f9, org.springframework.security.web.session.SessionManagementFilter@4d2dc60, org.springframework.security.web.access.ExceptionTranslationFilter@1a0b51e7, org.springframework.security.web.access.intercept.AuthorizationFilter@5fc3b20b]
2024-07-12T23:23:11.200+09:00  INFO 6124 --- [main] o.s.b.w.embedded.tomcat.TomcatWebServer  : Tomcat started on port(s): 8080 (http) with context path ''
2024-07-12T23:23:11.207+09:00  INFO 6124 --- [main] c.e.t.TravelBackendApplication           : Started TravelBackendApplication in 5.031 seconds (process running for 5.671)
2024-07-12T23:23:15.730+09:00  INFO 6124 --- [http-nio-8080-exec-2] o.a.c.c.C.[Tomcat].[localhost].[/]       : Initializing Spring DispatcherServlet 'dispatcherServlet'
2024-07-12T23:23:15.730+09:00  INFO 6124 --- [http-nio-8080-exec-2] o.s.web.servlet.DispatcherServlet        : Initializing Servlet 'dispatcherServlet'
2024-07-12T23:23:15.731+09:00  INFO 6124 --- [http-nio-8080-exec-2] o.s.web.servlet.DispatcherServlet        : Completed initialization in 1 ms
2024-07-12T23:23:15.741+09:00 DEBUG 6124 --- [http-nio-8080-exec-2] c.e.t.jwt.JwtAuthenticationFilter        : JWT Token: null
2024-07-12T23:23:16.084+09:00 ERROR 6124 --- [http-nio-8080-exec-2] c.e.t.service.MemberService              : Login failed for user: skyjoon2@naver.com

org.springframework.security.authentication.BadCredentialsException: 자격 증명에 실패하였습니다.
	at org.springframework.security.authentication.dao.DaoAuthenticationProvider.additionalAuthenticationChecks(DaoAuthenticationProvider.java:89) ~[spring-security-core-6.1.3.jar:6.1.3]
	at org.springframework.security.authentication.dao.AbstractUserDetailsAuthenticationProvider.authenticate(AbstractUserDetailsAuthenticationProvider.java:147) ~[spring-security-core-6.1.3.jar:6.1.3]
	at org.springframework.security.authentication.ProviderManager.authenticate(ProviderManager.java:182) ~[spring-security-core-6.1.3.jar:6.1.3]
	at com.example.travel_backend.service.MemberService.login(MemberService.java:49) ~[classes/:na]
	at java.base/jdk.internal.reflect.NativeMethodAccessorImpl.invoke0(Native Method) ~[na:na]
	at java.base/jdk.internal.reflect.NativeMethodAccessorImpl.invoke(NativeMethodAccessorImpl.java:77) ~[na:na]
	at java.base/jdk.internal.reflect.DelegatingMethodAccessorImpl.invoke(DelegatingMethodAccessorImpl.java:43) ~[na:na]
	at java.base/java.lang.reflect.Method.invoke(Method.java:568) ~[na:na]
	at org.springframework.aop.support.AopUtils.invokeJoinpointUsingReflection(AopUtils.java:343) ~[spring-aop-6.0.11.jar:6.0.11]
	at org.springframework.aop.framework.ReflectiveMethodInvocation.invokeJoinpoint(ReflectiveMethodInvocation.java:196) ~[spring-aop-6.0.11.jar:6.0.11]
	at org.springframework.aop.framework.ReflectiveMethodInvocation.proceed(ReflectiveMethodInvocation.java:163) ~[spring-aop-6.0.11.jar:6.0.11]
	at org.springframework.aop.framework.CglibAopProxy$CglibMethodInvocation.proceed(CglibAopProxy.java:756) ~[spring-aop-6.0.11.jar:6.0.11]
	at org.springframework.transaction.interceptor.TransactionInterceptor$1.proceedWithInvocation(TransactionInterceptor.java:123) ~[spring-tx-6.0.11.jar:6.0.11]
	at org.springframework.transaction.interceptor.TransactionAspectSupport.invokeWithinTransaction(TransactionAspectSupport.java:391) ~[spring-tx-6.0.11.jar:6.0.11]
	at org.springframework.transaction.interceptor.TransactionInterceptor.invoke(TransactionInterceptor.java:119) ~[spring-tx-6.0.11.jar:6.0.11]
	at org.springframework.aop.framework.ReflectiveMethodInvocation.proceed(ReflectiveMethodInvocation.java:184) ~[spring-aop-6.0.11.jar:6.0.11]
	at org.springframework.aop.framework.CglibAopProxy$CglibMethodInvocation.proceed(CglibAopProxy.java:756) ~[spring-aop-6.0.11.jar:6.0.11]
	at org.springframework.aop.framework.CglibAopProxy$DynamicAdvisedInterceptor.intercept(CglibAopProxy.java:708) ~[spring-aop-6.0.11.jar:6.0.11]
	at com.example.travel_backend.service.MemberService$$SpringCGLIB$$0.login(<generated>) ~[classes/:na]
	at com.example.travel_backend.controller.login.LoginController.loginForm(LoginController.java:52) ~[classes/:na]
	at java.base/jdk.internal.reflect.NativeMethodAccessorImpl.invoke0(Native Method) ~[na:na]
	at java.base/jdk.internal.reflect.NativeMethodAccessorImpl.invoke(NativeMethodAccessorImpl.java:77) ~[na:na]
	at java.base/jdk.internal.reflect.DelegatingMethodAccessorImpl.invoke(DelegatingMethodAccessorImpl.java:43) ~[na:na]
	at java.base/java.lang.reflect.Method.invoke(Method.java:568) ~[na:na]
	at org.springframework.web.method.support.InvocableHandlerMethod.doInvoke(InvocableHandlerMethod.java:205) ~[spring-web-6.0.11.jar:6.0.11]
	at org.springframework.web.method.support.InvocableHandlerMethod.invokeForRequest(InvocableHandlerMethod.java:150) ~[spring-web-6.0.11.jar:6.0.11]
	at org.springframework.web.servlet.mvc.method.annotation.ServletInvocableHandlerMethod.invokeAndHandle(ServletInvocableHandlerMethod.java:118) ~[spring-webmvc-6.0.11.jar:6.0.11]
	at org.springframework.web.servlet.mvc.method.annotation.RequestMappingHandlerAdapter.invokeHandlerMethod(RequestMappingHandlerAdapter.java:884) ~[spring-webmvc-6.0.11.jar:6.0.11]
	at org.springframework.web.servlet.mvc.method.annotation.RequestMappingHandlerAdapter.handleInternal(RequestMappingHandlerAdapter.java:797) ~[spring-webmvc-6.0.11.jar:6.0.11]
	at org.springframework.web.servlet.mvc.method.AbstractHandlerMethodAdapter.handle(AbstractHandlerMethodAdapter.java:87) ~[spring-webmvc-6.0.11.jar:6.0.11]
	at org.springframework.web.servlet.DispatcherServlet.doDispatch(DispatcherServlet.java:1081) ~[spring-webmvc-6.0.11.jar:6.0.11]
	at org.springframework.web.servlet.DispatcherServlet.doService(DispatcherServlet.java:974) ~[spring-webmvc-6.0.11.jar:6.0.11]
	at org.springframework.web.servlet.FrameworkServlet.processRequest(FrameworkServlet.java:1011) ~[spring-webmvc-6.0.11.jar:6.0.11]
	at org.springframework.web.servlet.FrameworkServlet.doPost(FrameworkServlet.java:914) ~[spring-webmvc-6.0.11.jar:6.0.11]
	at jakarta.servlet.http.HttpServlet.service(HttpServlet.java:590) ~[tomcat-embed-core-10.1.12.jar:6.0]
	at org.springframework.web.servlet.FrameworkServlet.service(FrameworkServlet.java:885) ~[spring-webmvc-6.0.11.jar:6.0.11]
	at jakarta.servlet.http.HttpServlet.service(HttpServlet.java:658) ~[tomcat-embed-core-10.1.12.jar:6.0]
	at org.apache.catalina.core.ApplicationFilterChain.internalDoFilter(ApplicationFilterChain.java:205) ~[tomcat-embed-core-10.1.12.jar:10.1.12]
	at org.apache.catalina.core.ApplicationFilterChain.doFilter(ApplicationFilterChain.java:149) ~[tomcat-embed-core-10.1.12.jar:10.1.12]
	at org.apache.tomcat.websocket.server.WsFilter.doFilter(WsFilter.java:51) ~[tomcat-embed-websocket-10.1.12.jar:10.1.12]
	at org.apache.catalina.core.ApplicationFilterChain.internalDoFilter(ApplicationFilterChain.java:174) ~[tomcat-embed-core-10.1.12.jar:10.1.12]
	at org.apache.catalina.core.ApplicationFilterChain.doFilter(ApplicationFilterChain.java:149) ~[tomcat-embed-core-10.1.12.jar:10.1.12]
	at org.springframework.security.web.FilterChainProxy.lambda$doFilterInternal$3(FilterChainProxy.java:231) ~[spring-security-web-6.1.3.jar:6.1.3]
	at org.springframework.security.web.FilterChainProxy$VirtualFilterChain.doFilter(FilterChainProxy.java:365) ~[spring-security-web-6.1.3.jar:6.1.3]
	at org.springframework.security.web.access.intercept.AuthorizationFilter.doFilter(AuthorizationFilter.java:100) ~[spring-security-web-6.1.3.jar:6.1.3]
	at org.springframework.security.web.FilterChainProxy$VirtualFilterChain.doFilter(FilterChainProxy.java:374) ~[spring-security-web-6.1.3.jar:6.1.3]
	at org.springframework.security.web.access.ExceptionTranslationFilter.doFilter(ExceptionTranslationFilter.java:126) ~[spring-security-web-6.1.3.jar:6.1.3]
	at org.springframework.security.web.access.ExceptionTranslationFilter.doFilter(ExceptionTranslationFilter.java:120) ~[spring-security-web-6.1.3.jar:6.1.3]
	at org.springframework.security.web.FilterChainProxy$VirtualFilterChain.doFilter(FilterChainProxy.java:374) ~[spring-security-web-6.1.3.jar:6.1.3]
	at org.springframework.security.web.session.SessionManagementFilter.doFilter(SessionManagementFilter.java:131) ~[spring-security-web-6.1.3.jar:6.1.3]
	at org.springframework.security.web.session.SessionManagementFilter.doFilter(SessionManagementFilter.java:85) ~[spring-security-web-6.1.3.jar:6.1.3]
	at org.springframework.security.web.FilterChainProxy$VirtualFilterChain.doFilter(FilterChainProxy.java:374) ~[spring-security-web-6.1.3.jar:6.1.3]
	at org.springframework.security.web.authentication.AnonymousAuthenticationFilter.doFilter(AnonymousAuthenticationFilter.java:100) ~[spring-security-web-6.1.3.jar:6.1.3]
	at org.springframework.security.web.FilterChainProxy$VirtualFilterChain.doFilter(FilterChainProxy.java:374) ~[spring-security-web-6.1.3.jar:6.1.3]
	at org.springframework.security.web.servletapi.SecurityContextHolderAwareRequestFilter.doFilter(SecurityContextHolderAwareRequestFilter.java:179) ~[spring-security-web-6.1.3.jar:6.1.3]
	at org.springframework.security.web.FilterChainProxy$VirtualFilterChain.doFilter(FilterChainProxy.java:374) ~[spring-security-web-6.1.3.jar:6.1.3]
	at org.springframework.security.web.savedrequest.RequestCacheAwareFilter.doFilter(RequestCacheAwareFilter.java:63) ~[spring-security-web-6.1.3.jar:6.1.3]
	at org.springframework.security.web.FilterChainProxy$VirtualFilterChain.doFilter(FilterChainProxy.java:374) ~[spring-security-web-6.1.3.jar:6.1.3]
	at org.springframework.security.web.authentication.ui.DefaultLogoutPageGeneratingFilter.doFilterInternal(DefaultLogoutPageGeneratingFilter.java:58) ~[spring-security-web-6.1.3.jar:6.1.3]
	at org.springframework.web.filter.OncePerRequestFilter.doFilter(OncePerRequestFilter.java:116) ~[spring-web-6.0.11.jar:6.0.11]
	at org.springframework.security.web.FilterChainProxy$VirtualFilterChain.doFilter(FilterChainProxy.java:374) ~[spring-security-web-6.1.3.jar:6.1.3]
	at org.springframework.security.web.authentication.ui.DefaultLoginPageGeneratingFilter.doFilter(DefaultLoginPageGeneratingFilter.java:188) ~[spring-security-web-6.1.3.jar:6.1.3]
	at org.springframework.security.web.authentication.ui.DefaultLoginPageGeneratingFilter.doFilter(DefaultLoginPageGeneratingFilter.java:174) ~[spring-security-web-6.1.3.jar:6.1.3]
	at org.springframework.security.web.FilterChainProxy$VirtualFilterChain.doFilter(FilterChainProxy.java:374) ~[spring-security-web-6.1.3.jar:6.1.3]
	at org.springframework.security.web.authentication.AbstractAuthenticationProcessingFilter.doFilter(AbstractAuthenticationProcessingFilter.java:227) ~[spring-security-web-6.1.3.jar:6.1.3]
	at org.springframework.security.web.authentication.AbstractAuthenticationProcessingFilter.doFilter(AbstractAuthenticationProcessingFilter.java:221) ~[spring-security-web-6.1.3.jar:6.1.3]
	at org.springframework.security.web.FilterChainProxy$VirtualFilterChain.doFilter(FilterChainProxy.java:374) ~[spring-security-web-6.1.3.jar:6.1.3]
	at com.example.travel_backend.jwt.JwtAuthenticationFilter.doFilterInternal(JwtAuthenticationFilter.java:43) ~[classes/:na]
	at org.springframework.web.filter.OncePerRequestFilter.doFilter(OncePerRequestFilter.java:116) ~[spring-web-6.0.11.jar:6.0.11]
	at org.springframework.security.web.FilterChainProxy$VirtualFilterChain.doFilter(FilterChainProxy.java:374) ~[spring-security-web-6.1.3.jar:6.1.3]
	at org.springframework.security.web.authentication.AbstractAuthenticationProcessingFilter.doFilter(AbstractAuthenticationProcessingFilter.java:227) ~[spring-security-web-6.1.3.jar:6.1.3]
	at org.springframework.security.web.authentication.AbstractAuthenticationProcessingFilter.doFilter(AbstractAuthenticationProcessingFilter.java:221) ~[spring-security-web-6.1.3.jar:6.1.3]
	at org.springframework.security.web.FilterChainProxy$VirtualFilterChain.doFilter(FilterChainProxy.java:374) ~[spring-security-web-6.1.3.jar:6.1.3]
	at org.springframework.security.oauth2.client.web.OAuth2AuthorizationRequestRedirectFilter.doFilterInternal(OAuth2AuthorizationRequestRedirectFilter.java:181) ~[spring-security-oauth2-client-6.1.3.jar:6.1.3]
	at org.springframework.web.filter.OncePerRequestFilter.doFilter(OncePerRequestFilter.java:116) ~[spring-web-6.0.11.jar:6.0.11]
	at org.springframework.security.web.FilterChainProxy$VirtualFilterChain.doFilter(FilterChainProxy.java:374) ~[spring-security-web-6.1.3.jar:6.1.3]
	at org.springframework.security.web.authentication.logout.LogoutFilter.doFilter(LogoutFilter.java:107) ~[spring-security-web-6.1.3.jar:6.1.3]
	at org.springframework.security.web.authentication.logout.LogoutFilter.doFilter(LogoutFilter.java:93) ~[spring-security-web-6.1.3.jar:6.1.3]
	at org.springframework.security.web.FilterChainProxy$VirtualFilterChain.doFilter(FilterChainProxy.java:374) ~[spring-security-web-6.1.3.jar:6.1.3]
	at org.springframework.security.web.header.HeaderWriterFilter.doHeadersAfter(HeaderWriterFilter.java:90) ~[spring-security-web-6.1.3.jar:6.1.3]
	at org.springframework.security.web.header.HeaderWriterFilter.doFilterInternal(HeaderWriterFilter.java:75) ~[spring-security-web-6.1.3.jar:6.1.3]
	at org.springframework.web.filter.OncePerRequestFilter.doFilter(OncePerRequestFilter.java:116) ~[spring-web-6.0.11.jar:6.0.11]
	at org.springframework.security.web.FilterChainProxy$VirtualFilterChain.doFilter(FilterChainProxy.java:374) ~[spring-security-web-6.1.3.jar:6.1.3]
	at org.springframework.security.web.context.SecurityContextHolderFilter.doFilter(SecurityContextHolderFilter.java:82) ~[spring-security-web-6.1.3.jar:6.1.3]
	at org.springframework.security.web.context.SecurityContextHolderFilter.doFilter(SecurityContextHolderFilter.java:69) ~[spring-security-web-6.1.3.jar:6.1.3]
	at org.springframework.security.web.FilterChainProxy$VirtualFilterChain.doFilter(FilterChainProxy.java:374) ~[spring-security-web-6.1.3.jar:6.1.3]
	at org.springframework.security.web.context.request.async.WebAsyncManagerIntegrationFilter.doFilterInternal(WebAsyncManagerIntegrationFilter.java:62) ~[spring-security-web-6.1.3.jar:6.1.3]
	at org.springframework.web.filter.OncePerRequestFilter.doFilter(OncePerRequestFilter.java:116) ~[spring-web-6.0.11.jar:6.0.11]
	at org.springframework.security.web.FilterChainProxy$VirtualFilterChain.doFilter(FilterChainProxy.java:374) ~[spring-security-web-6.1.3.jar:6.1.3]
	at org.springframework.security.web.session.DisableEncodeUrlFilter.doFilterInternal(DisableEncodeUrlFilter.java:42) ~[spring-security-web-6.1.3.jar:6.1.3]
	at org.springframework.web.filter.OncePerRequestFilter.doFilter(OncePerRequestFilter.java:116) ~[spring-web-6.0.11.jar:6.0.11]
	at org.springframework.security.web.FilterChainProxy$VirtualFilterChain.doFilter(FilterChainProxy.java:374) ~[spring-security-web-6.1.3.jar:6.1.3]
	at org.springframework.security.web.FilterChainProxy.doFilterInternal(FilterChainProxy.java:233) ~[spring-security-web-6.1.3.jar:6.1.3]
	at org.springframework.security.web.FilterChainProxy.doFilter(FilterChainProxy.java:191) ~[spring-security-web-6.1.3.jar:6.1.3]
	at org.springframework.web.filter.DelegatingFilterProxy.invokeDelegate(DelegatingFilterProxy.java:352) ~[spring-web-6.0.11.jar:6.0.11]
	at org.springframework.web.filter.DelegatingFilterProxy.doFilter(DelegatingFilterProxy.java:268) ~[spring-web-6.0.11.jar:6.0.11]
	at org.apache.catalina.core.ApplicationFilterChain.internalDoFilter(ApplicationFilterChain.java:174) ~[tomcat-embed-core-10.1.12.jar:10.1.12]
	at org.apache.catalina.core.ApplicationFilterChain.doFilter(ApplicationFilterChain.java:149) ~[tomcat-embed-core-10.1.12.jar:10.1.12]
	at org.springframework.web.filter.RequestContextFilter.doFilterInternal(RequestContextFilter.java:100) ~[spring-web-6.0.11.jar:6.0.11]
	at org.springframework.web.filter.OncePerRequestFilter.doFilter(OncePerRequestFilter.java:116) ~[spring-web-6.0.11.jar:6.0.11]
	at org.apache.catalina.core.ApplicationFilterChain.internalDoFilter(ApplicationFilterChain.java:174) ~[tomcat-embed-core-10.1.12.jar:10.1.12]
	at org.apache.catalina.core.ApplicationFilterChain.doFilter(ApplicationFilterChain.java:149) ~[tomcat-embed-core-10.1.12.jar:10.1.12]
	at org.springframework.web.filter.FormContentFilter.doFilterInternal(FormContentFilter.java:93) ~[spring-web-6.0.11.jar:6.0.11]
	at org.springframework.web.filter.OncePerRequestFilter.doFilter(OncePerRequestFilter.java:116) ~[spring-web-6.0.11.jar:6.0.11]
	at org.apache.catalina.core.ApplicationFilterChain.internalDoFilter(ApplicationFilterChain.java:174) ~[tomcat-embed-core-10.1.12.jar:10.1.12]
	at org.apache.catalina.core.ApplicationFilterChain.doFilter(ApplicationFilterChain.java:149) ~[tomcat-embed-core-10.1.12.jar:10.1.12]
	at org.springframework.web.filter.CharacterEncodingFilter.doFilterInternal(CharacterEncodingFilter.java:201) ~[spring-web-6.0.11.jar:6.0.11]
	at org.springframework.web.filter.OncePerRequestFilter.doFilter(OncePerRequestFilter.java:116) ~[spring-web-6.0.11.jar:6.0.11]
	at org.apache.catalina.core.ApplicationFilterChain.internalDoFilter(ApplicationFilterChain.java:174) ~[tomcat-embed-core-10.1.12.jar:10.1.12]
	at org.apache.catalina.core.ApplicationFilterChain.doFilter(ApplicationFilterChain.java:149) ~[tomcat-embed-core-10.1.12.jar:10.1.12]
	at org.apache.catalina.core.StandardWrapperValve.invoke(StandardWrapperValve.java:166) ~[tomcat-embed-core-10.1.12.jar:10.1.12]
	at org.apache.catalina.core.StandardContextValve.invoke(StandardContextValve.java:90) ~[tomcat-embed-core-10.1.12.jar:10.1.12]
	at org.apache.catalina.authenticator.AuthenticatorBase.invoke(AuthenticatorBase.java:482) ~[tomcat-embed-core-10.1.12.jar:10.1.12]
	at org.apache.catalina.core.StandardHostValve.invoke(StandardHostValve.java:115) ~[tomcat-embed-core-10.1.12.jar:10.1.12]
	at org.apache.catalina.valves.ErrorReportValve.invoke(ErrorReportValve.java:93) ~[tomcat-embed-core-10.1.12.jar:10.1.12]
	at org.apache.catalina.core.StandardEngineValve.invoke(StandardEngineValve.java:74) ~[tomcat-embed-core-10.1.12.jar:10.1.12]
	at org.apache.catalina.connector.CoyoteAdapter.service(CoyoteAdapter.java:341) ~[tomcat-embed-core-10.1.12.jar:10.1.12]
	at org.apache.coyote.http11.Http11Processor.service(Http11Processor.java:391) ~[tomcat-embed-core-10.1.12.jar:10.1.12]
	at org.apache.coyote.AbstractProcessorLight.process(AbstractProcessorLight.java:63) ~[tomcat-embed-core-10.1.12.jar:10.1.12]
	at org.apache.coyote.AbstractProtocol$ConnectionHandler.process(AbstractProtocol.java:894) ~[tomcat-embed-core-10.1.12.jar:10.1.12]
	at org.apache.tomcat.util.net.NioEndpoint$SocketProcessor.doRun(NioEndpoint.java:1740) ~[tomcat-embed-core-10.1.12.jar:10.1.12]
	at org.apache.tomcat.util.net.SocketProcessorBase.run(SocketProcessorBase.java:52) ~[tomcat-embed-core-10.1.12.jar:10.1.12]
	at org.apache.tomcat.util.threads.ThreadPoolExecutor.runWorker(ThreadPoolExecutor.java:1191) ~[tomcat-embed-core-10.1.12.jar:10.1.12]
	at org.apache.tomcat.util.threads.ThreadPoolExecutor$Worker.run(ThreadPoolExecutor.java:659) ~[tomcat-embed-core-10.1.12.jar:10.1.12]
	at org.apache.tomcat.util.threads.TaskThread$WrappingRunnable.run(TaskThread.java:61) ~[tomcat-embed-core-10.1.12.jar:10.1.12]
	at java.base/java.lang.Thread.run(Thread.java:840) ~[na:na]

2024-07-12T23:25:17.329+09:00  INFO 6124 --- [SpringApplicationShutdownHook] j.LocalContainerEntityManagerFactoryBean : Closing JPA EntityManagerFactory for persistence unit 'default'
2024-07-12T23:25:17.331+09:00  INFO 6124 --- [SpringApplicationShutdownHook] com.zaxxer.hikari.HikariDataSource       : HikariPool-1 - Shutdown initiated...
2024-07-12T23:25:17.392+09:00  INFO 6124 --- [SpringApplicationShutdownHook] com.zaxxer.hikari.HikariDataSource       : HikariPool-1 - Shutdown completed.
2024-07-12T23:25:22.137+09:00  INFO 14260 --- [main] c.e.t.TravelBackendApplication           : Starting TravelBackendApplication using Java 17.0.10 with PID 14260 (C:\Users\skyjo\IdeaProjects\travel_point\travel_backend\out\production\classes started by skyjo in C:\Users\skyjo\IdeaProjects\travel_point\travel_backend)
2024-07-12T23:25:22.139+09:00  INFO 14260 --- [main] c.e.t.TravelBackendApplication           : No active profile set, falling back to 1 default profile: "default"
2024-07-12T23:25:22.879+09:00  INFO 14260 --- [main] .s.d.r.c.RepositoryConfigurationDelegate : Bootstrapping Spring Data JPA repositories in DEFAULT mode.
2024-07-12T23:25:22.949+09:00  INFO 14260 --- [main] .s.d.r.c.RepositoryConfigurationDelegate : Finished Spring Data repository scanning in 63 ms. Found 6 JPA repository interfaces.
2024-07-12T23:25:23.455+09:00  INFO 14260 --- [main] o.s.b.w.embedded.tomcat.TomcatWebServer  : Tomcat initialized with port(s): 8080 (http)
2024-07-12T23:25:23.462+09:00  INFO 14260 --- [main] o.apache.catalina.core.StandardService   : Starting service [Tomcat]
2024-07-12T23:25:23.462+09:00  INFO 14260 --- [main] o.apache.catalina.core.StandardEngine    : Starting Servlet engine: [Apache Tomcat/10.1.12]
2024-07-12T23:25:23.552+09:00  INFO 14260 --- [main] o.a.c.c.C.[Tomcat].[localhost].[/]       : Initializing Spring embedded WebApplicationContext
2024-07-12T23:25:23.553+09:00  INFO 14260 --- [main] w.s.c.ServletWebServerApplicationContext : Root WebApplicationContext: initialization completed in 1375 ms
2024-07-12T23:25:23.675+09:00  INFO 14260 --- [main] o.hibernate.jpa.internal.util.LogHelper  : HHH000204: Processing PersistenceUnitInfo [name: default]
2024-07-12T23:25:23.718+09:00  INFO 14260 --- [main] org.hibernate.Version                    : HHH000412: Hibernate ORM core version 6.2.7.Final
2024-07-12T23:25:23.719+09:00  INFO 14260 --- [main] org.hibernate.cfg.Environment            : HHH000406: Using bytecode reflection optimizer
2024-07-12T23:25:23.835+09:00  INFO 14260 --- [main] o.h.b.i.BytecodeProviderInitiator        : HHH000021: Bytecode provider name : bytebuddy
2024-07-12T23:25:23.929+09:00  INFO 14260 --- [main] o.s.o.j.p.SpringPersistenceUnitInfo      : No LoadTimeWeaver setup: ignoring JPA class transformer
2024-07-12T23:25:23.942+09:00  INFO 14260 --- [main] com.zaxxer.hikari.HikariDataSource       : HikariPool-1 - Starting...
2024-07-12T23:25:24.224+09:00  INFO 14260 --- [main] com.zaxxer.hikari.pool.HikariPool        : HikariPool-1 - Added connection com.mysql.cj.jdbc.ConnectionImpl@3add5e17
2024-07-12T23:25:24.227+09:00  INFO 14260 --- [main] com.zaxxer.hikari.HikariDataSource       : HikariPool-1 - Start completed.
2024-07-12T23:25:24.481+09:00  INFO 14260 --- [main] o.h.b.i.BytecodeProviderInitiator        : HHH000021: Bytecode provider name : bytebuddy
2024-07-12T23:25:25.021+09:00  INFO 14260 --- [main] o.h.e.t.j.p.i.JtaPlatformInitiator       : HHH000490: Using JtaPlatform implementation: [org.hibernate.engine.transaction.jta.platform.internal.NoJtaPlatform]
2024-07-12T23:25:25.025+09:00  INFO 14260 --- [main] j.LocalContainerEntityManagerFactoryBean : Initialized JPA EntityManagerFactory for persistence unit 'default'
2024-07-12T23:25:25.239+09:00  WARN 14260 --- [main] ocalVariableTableParameterNameDiscoverer : Using deprecated '-debug' fallback for parameter name resolution. Compile the affected code with '-parameters' instead or avoid its introspection: com.example.travel_backend.repository.MemberRepository
2024-07-12T23:25:25.508+09:00  WARN 14260 --- [main] ocalVariableTableParameterNameDiscoverer : Using deprecated '-debug' fallback for parameter name resolution. Compile the affected code with '-parameters' instead or avoid its introspection: com.example.travel_backend.repository.FavoritesRepository
2024-07-12T23:25:25.592+09:00  INFO 14260 --- [main] o.s.d.j.r.query.QueryEnhancerFactory     : Hibernate is in classpath; If applicable, HQL parser will be used.
2024-07-12T23:25:25.762+09:00  WARN 14260 --- [main] ocalVariableTableParameterNameDiscoverer : Using deprecated '-debug' fallback for parameter name resolution. Compile the affected code with '-parameters' instead or avoid its introspection: com.example.travel_backend.repository.ReviewRepository
2024-07-12T23:25:25.804+09:00  WARN 14260 --- [main] ocalVariableTableParameterNameDiscoverer : Using deprecated '-debug' fallback for parameter name resolution. Compile the affected code with '-parameters' instead or avoid its introspection: com.example.travel_backend.repository.ReviewLikeRepository
2024-07-12T23:25:25.911+09:00  WARN 14260 --- [main] ocalVariableTableParameterNameDiscoverer : Using deprecated '-debug' fallback for parameter name resolution. Compile the affected code with '-parameters' instead or avoid its introspection: com.example.travel_backend.repository.ReportRepository
2024-07-12T23:25:26.108+09:00  WARN 14260 --- [main] JpaBaseConfiguration$JpaWebConfiguration : spring.jpa.open-in-view is enabled by default. Therefore, database queries may be performed during view rendering. Explicitly configure spring.jpa.open-in-view to disable this warning
2024-07-12T23:25:26.361+09:00  INFO 14260 --- [main] o.s.s.web.DefaultSecurityFilterChain     : Will secure any request with [org.springframework.security.web.session.DisableEncodeUrlFilter@5dcbdcb9, org.springframework.security.web.context.request.async.WebAsyncManagerIntegrationFilter@4dd31687, org.springframework.security.web.context.SecurityContextHolderFilter@38388639, org.springframework.security.web.header.HeaderWriterFilter@2be9425f, org.springframework.security.web.authentication.logout.LogoutFilter@7505ef47, org.springframework.security.oauth2.client.web.OAuth2AuthorizationRequestRedirectFilter@7e8e111d, org.springframework.security.oauth2.client.web.OAuth2LoginAuthenticationFilter@7781b55f, com.example.travel_backend.jwt.JwtAuthenticationFilter@78d72c9b, org.springframework.security.web.authentication.UsernamePasswordAuthenticationFilter@10e542f3, org.springframework.security.web.authentication.ui.DefaultLoginPageGeneratingFilter@492c1b1b, org.springframework.security.web.authentication.ui.DefaultLogoutPageGeneratingFilter@22d82fe8, org.springframework.security.web.savedrequest.RequestCacheAwareFilter@53a20aab, org.springframework.security.web.servletapi.SecurityContextHolderAwareRequestFilter@362d91ef, org.springframework.security.web.authentication.AnonymousAuthenticationFilter@2175111e, org.springframework.security.web.session.SessionManagementFilter@57cd5cc9, org.springframework.security.web.access.ExceptionTranslationFilter@3a42610, org.springframework.security.web.access.intercept.AuthorizationFilter@6ac49084]
2024-07-12T23:25:26.619+09:00  INFO 14260 --- [main] o.s.b.w.embedded.tomcat.TomcatWebServer  : Tomcat started on port(s): 8080 (http) with context path ''
2024-07-12T23:25:26.626+09:00  INFO 14260 --- [main] c.e.t.TravelBackendApplication           : Started TravelBackendApplication in 4.872 seconds (process running for 5.494)
2024-07-12T23:25:30.843+09:00  INFO 14260 --- [http-nio-8080-exec-2] o.a.c.c.C.[Tomcat].[localhost].[/]       : Initializing Spring DispatcherServlet 'dispatcherServlet'
2024-07-12T23:25:30.843+09:00  INFO 14260 --- [http-nio-8080-exec-2] o.s.web.servlet.DispatcherServlet        : Initializing Servlet 'dispatcherServlet'
2024-07-12T23:25:30.844+09:00  INFO 14260 --- [http-nio-8080-exec-2] o.s.web.servlet.DispatcherServlet        : Completed initialization in 1 ms
2024-07-12T23:25:30.853+09:00 DEBUG 14260 --- [http-nio-8080-exec-2] c.e.t.jwt.JwtAuthenticationFilter        : JWT Token: null
2024-07-12T23:25:31.181+09:00 ERROR 14260 --- [http-nio-8080-exec-2] c.e.t.service.MemberService              : Login failed for user: skyjoon2@naver.com

org.springframework.security.authentication.BadCredentialsException: 자격 증명에 실패하였습니다.
	at org.springframework.security.authentication.dao.DaoAuthenticationProvider.additionalAuthenticationChecks(DaoAuthenticationProvider.java:89) ~[spring-security-core-6.1.3.jar:6.1.3]
	at org.springframework.security.authentication.dao.AbstractUserDetailsAuthenticationProvider.authenticate(AbstractUserDetailsAuthenticationProvider.java:147) ~[spring-security-core-6.1.3.jar:6.1.3]
	at org.springframework.security.authentication.ProviderManager.authenticate(ProviderManager.java:182) ~[spring-security-core-6.1.3.jar:6.1.3]
	at com.example.travel_backend.service.MemberService.login(MemberService.java:49) ~[classes/:na]
	at java.base/jdk.internal.reflect.NativeMethodAccessorImpl.invoke0(Native Method) ~[na:na]
	at java.base/jdk.internal.reflect.NativeMethodAccessorImpl.invoke(NativeMethodAccessorImpl.java:77) ~[na:na]
	at java.base/jdk.internal.reflect.DelegatingMethodAccessorImpl.invoke(DelegatingMethodAccessorImpl.java:43) ~[na:na]
	at java.base/java.lang.reflect.Method.invoke(Method.java:568) ~[na:na]
	at org.springframework.aop.support.AopUtils.invokeJoinpointUsingReflection(AopUtils.java:343) ~[spring-aop-6.0.11.jar:6.0.11]
	at org.springframework.aop.framework.ReflectiveMethodInvocation.invokeJoinpoint(ReflectiveMethodInvocation.java:196) ~[spring-aop-6.0.11.jar:6.0.11]
	at org.springframework.aop.framework.ReflectiveMethodInvocation.proceed(ReflectiveMethodInvocation.java:163) ~[spring-aop-6.0.11.jar:6.0.11]
	at org.springframework.aop.framework.CglibAopProxy$CglibMethodInvocation.proceed(CglibAopProxy.java:756) ~[spring-aop-6.0.11.jar:6.0.11]
	at org.springframework.transaction.interceptor.TransactionInterceptor$1.proceedWithInvocation(TransactionInterceptor.java:123) ~[spring-tx-6.0.11.jar:6.0.11]
	at org.springframework.transaction.interceptor.TransactionAspectSupport.invokeWithinTransaction(TransactionAspectSupport.java:391) ~[spring-tx-6.0.11.jar:6.0.11]
	at org.springframework.transaction.interceptor.TransactionInterceptor.invoke(TransactionInterceptor.java:119) ~[spring-tx-6.0.11.jar:6.0.11]
	at org.springframework.aop.framework.ReflectiveMethodInvocation.proceed(ReflectiveMethodInvocation.java:184) ~[spring-aop-6.0.11.jar:6.0.11]
	at org.springframework.aop.framework.CglibAopProxy$CglibMethodInvocation.proceed(CglibAopProxy.java:756) ~[spring-aop-6.0.11.jar:6.0.11]
	at org.springframework.aop.framework.CglibAopProxy$DynamicAdvisedInterceptor.intercept(CglibAopProxy.java:708) ~[spring-aop-6.0.11.jar:6.0.11]
	at com.example.travel_backend.service.MemberService$$SpringCGLIB$$0.login(<generated>) ~[classes/:na]
	at com.example.travel_backend.controller.login.LoginController.loginForm(LoginController.java:52) ~[classes/:na]
	at java.base/jdk.internal.reflect.NativeMethodAccessorImpl.invoke0(Native Method) ~[na:na]
	at java.base/jdk.internal.reflect.NativeMethodAccessorImpl.invoke(NativeMethodAccessorImpl.java:77) ~[na:na]
	at java.base/jdk.internal.reflect.DelegatingMethodAccessorImpl.invoke(DelegatingMethodAccessorImpl.java:43) ~[na:na]
	at java.base/java.lang.reflect.Method.invoke(Method.java:568) ~[na:na]
	at org.springframework.web.method.support.InvocableHandlerMethod.doInvoke(InvocableHandlerMethod.java:205) ~[spring-web-6.0.11.jar:6.0.11]
	at org.springframework.web.method.support.InvocableHandlerMethod.invokeForRequest(InvocableHandlerMethod.java:150) ~[spring-web-6.0.11.jar:6.0.11]
	at org.springframework.web.servlet.mvc.method.annotation.ServletInvocableHandlerMethod.invokeAndHandle(ServletInvocableHandlerMethod.java:118) ~[spring-webmvc-6.0.11.jar:6.0.11]
	at org.springframework.web.servlet.mvc.method.annotation.RequestMappingHandlerAdapter.invokeHandlerMethod(RequestMappingHandlerAdapter.java:884) ~[spring-webmvc-6.0.11.jar:6.0.11]
	at org.springframework.web.servlet.mvc.method.annotation.RequestMappingHandlerAdapter.handleInternal(RequestMappingHandlerAdapter.java:797) ~[spring-webmvc-6.0.11.jar:6.0.11]
	at org.springframework.web.servlet.mvc.method.AbstractHandlerMethodAdapter.handle(AbstractHandlerMethodAdapter.java:87) ~[spring-webmvc-6.0.11.jar:6.0.11]
	at org.springframework.web.servlet.DispatcherServlet.doDispatch(DispatcherServlet.java:1081) ~[spring-webmvc-6.0.11.jar:6.0.11]
	at org.springframework.web.servlet.DispatcherServlet.doService(DispatcherServlet.java:974) ~[spring-webmvc-6.0.11.jar:6.0.11]
	at org.springframework.web.servlet.FrameworkServlet.processRequest(FrameworkServlet.java:1011) ~[spring-webmvc-6.0.11.jar:6.0.11]
	at org.springframework.web.servlet.FrameworkServlet.doPost(FrameworkServlet.java:914) ~[spring-webmvc-6.0.11.jar:6.0.11]
	at jakarta.servlet.http.HttpServlet.service(HttpServlet.java:590) ~[tomcat-embed-core-10.1.12.jar:6.0]
	at org.springframework.web.servlet.FrameworkServlet.service(FrameworkServlet.java:885) ~[spring-webmvc-6.0.11.jar:6.0.11]
	at jakarta.servlet.http.HttpServlet.service(HttpServlet.java:658) ~[tomcat-embed-core-10.1.12.jar:6.0]
	at org.apache.catalina.core.ApplicationFilterChain.internalDoFilter(ApplicationFilterChain.java:205) ~[tomcat-embed-core-10.1.12.jar:10.1.12]
	at org.apache.catalina.core.ApplicationFilterChain.doFilter(ApplicationFilterChain.java:149) ~[tomcat-embed-core-10.1.12.jar:10.1.12]
	at org.apache.tomcat.websocket.server.WsFilter.doFilter(WsFilter.java:51) ~[tomcat-embed-websocket-10.1.12.jar:10.1.12]
	at org.apache.catalina.core.ApplicationFilterChain.internalDoFilter(ApplicationFilterChain.java:174) ~[tomcat-embed-core-10.1.12.jar:10.1.12]
	at org.apache.catalina.core.ApplicationFilterChain.doFilter(ApplicationFilterChain.java:149) ~[tomcat-embed-core-10.1.12.jar:10.1.12]
	at org.springframework.security.web.FilterChainProxy.lambda$doFilterInternal$3(FilterChainProxy.java:231) ~[spring-security-web-6.1.3.jar:6.1.3]
	at org.springframework.security.web.FilterChainProxy$VirtualFilterChain.doFilter(FilterChainProxy.java:365) ~[spring-security-web-6.1.3.jar:6.1.3]
	at org.springframework.security.web.access.intercept.AuthorizationFilter.doFilter(AuthorizationFilter.java:100) ~[spring-security-web-6.1.3.jar:6.1.3]
	at org.springframework.security.web.FilterChainProxy$VirtualFilterChain.doFilter(FilterChainProxy.java:374) ~[spring-security-web-6.1.3.jar:6.1.3]
	at org.springframework.security.web.access.ExceptionTranslationFilter.doFilter(ExceptionTranslationFilter.java:126) ~[spring-security-web-6.1.3.jar:6.1.3]
	at org.springframework.security.web.access.ExceptionTranslationFilter.doFilter(ExceptionTranslationFilter.java:120) ~[spring-security-web-6.1.3.jar:6.1.3]
	at org.springframework.security.web.FilterChainProxy$VirtualFilterChain.doFilter(FilterChainProxy.java:374) ~[spring-security-web-6.1.3.jar:6.1.3]
	at org.springframework.security.web.session.SessionManagementFilter.doFilter(SessionManagementFilter.java:131) ~[spring-security-web-6.1.3.jar:6.1.3]
	at org.springframework.security.web.session.SessionManagementFilter.doFilter(SessionManagementFilter.java:85) ~[spring-security-web-6.1.3.jar:6.1.3]
	at org.springframework.security.web.FilterChainProxy$VirtualFilterChain.doFilter(FilterChainProxy.java:374) ~[spring-security-web-6.1.3.jar:6.1.3]
	at org.springframework.security.web.authentication.AnonymousAuthenticationFilter.doFilter(AnonymousAuthenticationFilter.java:100) ~[spring-security-web-6.1.3.jar:6.1.3]
	at org.springframework.security.web.FilterChainProxy$VirtualFilterChain.doFilter(FilterChainProxy.java:374) ~[spring-security-web-6.1.3.jar:6.1.3]
	at org.springframework.security.web.servletapi.SecurityContextHolderAwareRequestFilter.doFilter(SecurityContextHolderAwareRequestFilter.java:179) ~[spring-security-web-6.1.3.jar:6.1.3]
	at org.springframework.security.web.FilterChainProxy$VirtualFilterChain.doFilter(FilterChainProxy.java:374) ~[spring-security-web-6.1.3.jar:6.1.3]
	at org.springframework.security.web.savedrequest.RequestCacheAwareFilter.doFilter(RequestCacheAwareFilter.java:63) ~[spring-security-web-6.1.3.jar:6.1.3]
	at org.springframework.security.web.FilterChainProxy$VirtualFilterChain.doFilter(FilterChainProxy.java:374) ~[spring-security-web-6.1.3.jar:6.1.3]
	at org.springframework.security.web.authentication.ui.DefaultLogoutPageGeneratingFilter.doFilterInternal(DefaultLogoutPageGeneratingFilter.java:58) ~[spring-security-web-6.1.3.jar:6.1.3]
	at org.springframework.web.filter.OncePerRequestFilter.doFilter(OncePerRequestFilter.java:116) ~[spring-web-6.0.11.jar:6.0.11]
	at org.springframework.security.web.FilterChainProxy$VirtualFilterChain.doFilter(FilterChainProxy.java:374) ~[spring-security-web-6.1.3.jar:6.1.3]
	at org.springframework.security.web.authentication.ui.DefaultLoginPageGeneratingFilter.doFilter(DefaultLoginPageGeneratingFilter.java:188) ~[spring-security-web-6.1.3.jar:6.1.3]
	at org.springframework.security.web.authentication.ui.DefaultLoginPageGeneratingFilter.doFilter(DefaultLoginPageGeneratingFilter.java:174) ~[spring-security-web-6.1.3.jar:6.1.3]
	at org.springframework.security.web.FilterChainProxy$VirtualFilterChain.doFilter(FilterChainProxy.java:374) ~[spring-security-web-6.1.3.jar:6.1.3]
	at org.springframework.security.web.authentication.AbstractAuthenticationProcessingFilter.doFilter(AbstractAuthenticationProcessingFilter.java:227) ~[spring-security-web-6.1.3.jar:6.1.3]
	at org.springframework.security.web.authentication.AbstractAuthenticationProcessingFilter.doFilter(AbstractAuthenticationProcessingFilter.java:221) ~[spring-security-web-6.1.3.jar:6.1.3]
	at org.springframework.security.web.FilterChainProxy$VirtualFilterChain.doFilter(FilterChainProxy.java:374) ~[spring-security-web-6.1.3.jar:6.1.3]
	at com.example.travel_backend.jwt.JwtAuthenticationFilter.doFilterInternal(JwtAuthenticationFilter.java:43) ~[classes/:na]
	at org.springframework.web.filter.OncePerRequestFilter.doFilter(OncePerRequestFilter.java:116) ~[spring-web-6.0.11.jar:6.0.11]
	at org.springframework.security.web.FilterChainProxy$VirtualFilterChain.doFilter(FilterChainProxy.java:374) ~[spring-security-web-6.1.3.jar:6.1.3]
	at org.springframework.security.web.authentication.AbstractAuthenticationProcessingFilter.doFilter(AbstractAuthenticationProcessingFilter.java:227) ~[spring-security-web-6.1.3.jar:6.1.3]
	at org.springframework.security.web.authentication.AbstractAuthenticationProcessingFilter.doFilter(AbstractAuthenticationProcessingFilter.java:221) ~[spring-security-web-6.1.3.jar:6.1.3]
	at org.springframework.security.web.FilterChainProxy$VirtualFilterChain.doFilter(FilterChainProxy.java:374) ~[spring-security-web-6.1.3.jar:6.1.3]
	at org.springframework.security.oauth2.client.web.OAuth2AuthorizationRequestRedirectFilter.doFilterInternal(OAuth2AuthorizationRequestRedirectFilter.java:181) ~[spring-security-oauth2-client-6.1.3.jar:6.1.3]
	at org.springframework.web.filter.OncePerRequestFilter.doFilter(OncePerRequestFilter.java:116) ~[spring-web-6.0.11.jar:6.0.11]
	at org.springframework.security.web.FilterChainProxy$VirtualFilterChain.doFilter(FilterChainProxy.java:374) ~[spring-security-web-6.1.3.jar:6.1.3]
	at org.springframework.security.web.authentication.logout.LogoutFilter.doFilter(LogoutFilter.java:107) ~[spring-security-web-6.1.3.jar:6.1.3]
	at org.springframework.security.web.authentication.logout.LogoutFilter.doFilter(LogoutFilter.java:93) ~[spring-security-web-6.1.3.jar:6.1.3]
	at org.springframework.security.web.FilterChainProxy$VirtualFilterChain.doFilter(FilterChainProxy.java:374) ~[spring-security-web-6.1.3.jar:6.1.3]
	at org.springframework.security.web.header.HeaderWriterFilter.doHeadersAfter(HeaderWriterFilter.java:90) ~[spring-security-web-6.1.3.jar:6.1.3]
	at org.springframework.security.web.header.HeaderWriterFilter.doFilterInternal(HeaderWriterFilter.java:75) ~[spring-security-web-6.1.3.jar:6.1.3]
	at org.springframework.web.filter.OncePerRequestFilter.doFilter(OncePerRequestFilter.java:116) ~[spring-web-6.0.11.jar:6.0.11]
	at org.springframework.security.web.FilterChainProxy$VirtualFilterChain.doFilter(FilterChainProxy.java:374) ~[spring-security-web-6.1.3.jar:6.1.3]
	at org.springframework.security.web.context.SecurityContextHolderFilter.doFilter(SecurityContextHolderFilter.java:82) ~[spring-security-web-6.1.3.jar:6.1.3]
	at org.springframework.security.web.context.SecurityContextHolderFilter.doFilter(SecurityContextHolderFilter.java:69) ~[spring-security-web-6.1.3.jar:6.1.3]
	at org.springframework.security.web.FilterChainProxy$VirtualFilterChain.doFilter(FilterChainProxy.java:374) ~[spring-security-web-6.1.3.jar:6.1.3]
	at org.springframework.security.web.context.request.async.WebAsyncManagerIntegrationFilter.doFilterInternal(WebAsyncManagerIntegrationFilter.java:62) ~[spring-security-web-6.1.3.jar:6.1.3]
	at org.springframework.web.filter.OncePerRequestFilter.doFilter(OncePerRequestFilter.java:116) ~[spring-web-6.0.11.jar:6.0.11]
	at org.springframework.security.web.FilterChainProxy$VirtualFilterChain.doFilter(FilterChainProxy.java:374) ~[spring-security-web-6.1.3.jar:6.1.3]
	at org.springframework.security.web.session.DisableEncodeUrlFilter.doFilterInternal(DisableEncodeUrlFilter.java:42) ~[spring-security-web-6.1.3.jar:6.1.3]
	at org.springframework.web.filter.OncePerRequestFilter.doFilter(OncePerRequestFilter.java:116) ~[spring-web-6.0.11.jar:6.0.11]
	at org.springframework.security.web.FilterChainProxy$VirtualFilterChain.doFilter(FilterChainProxy.java:374) ~[spring-security-web-6.1.3.jar:6.1.3]
	at org.springframework.security.web.FilterChainProxy.doFilterInternal(FilterChainProxy.java:233) ~[spring-security-web-6.1.3.jar:6.1.3]
	at org.springframework.security.web.FilterChainProxy.doFilter(FilterChainProxy.java:191) ~[spring-security-web-6.1.3.jar:6.1.3]
	at org.springframework.web.filter.DelegatingFilterProxy.invokeDelegate(DelegatingFilterProxy.java:352) ~[spring-web-6.0.11.jar:6.0.11]
	at org.springframework.web.filter.DelegatingFilterProxy.doFilter(DelegatingFilterProxy.java:268) ~[spring-web-6.0.11.jar:6.0.11]
	at org.apache.catalina.core.ApplicationFilterChain.internalDoFilter(ApplicationFilterChain.java:174) ~[tomcat-embed-core-10.1.12.jar:10.1.12]
	at org.apache.catalina.core.ApplicationFilterChain.doFilter(ApplicationFilterChain.java:149) ~[tomcat-embed-core-10.1.12.jar:10.1.12]
	at org.springframework.web.filter.RequestContextFilter.doFilterInternal(RequestContextFilter.java:100) ~[spring-web-6.0.11.jar:6.0.11]
	at org.springframework.web.filter.OncePerRequestFilter.doFilter(OncePerRequestFilter.java:116) ~[spring-web-6.0.11.jar:6.0.11]
	at org.apache.catalina.core.ApplicationFilterChain.internalDoFilter(ApplicationFilterChain.java:174) ~[tomcat-embed-core-10.1.12.jar:10.1.12]
	at org.apache.catalina.core.ApplicationFilterChain.doFilter(ApplicationFilterChain.java:149) ~[tomcat-embed-core-10.1.12.jar:10.1.12]
	at org.springframework.web.filter.FormContentFilter.doFilterInternal(FormContentFilter.java:93) ~[spring-web-6.0.11.jar:6.0.11]
	at org.springframework.web.filter.OncePerRequestFilter.doFilter(OncePerRequestFilter.java:116) ~[spring-web-6.0.11.jar:6.0.11]
	at org.apache.catalina.core.ApplicationFilterChain.internalDoFilter(ApplicationFilterChain.java:174) ~[tomcat-embed-core-10.1.12.jar:10.1.12]
	at org.apache.catalina.core.ApplicationFilterChain.doFilter(ApplicationFilterChain.java:149) ~[tomcat-embed-core-10.1.12.jar:10.1.12]
	at org.springframework.web.filter.CharacterEncodingFilter.doFilterInternal(CharacterEncodingFilter.java:201) ~[spring-web-6.0.11.jar:6.0.11]
	at org.springframework.web.filter.OncePerRequestFilter.doFilter(OncePerRequestFilter.java:116) ~[spring-web-6.0.11.jar:6.0.11]
	at org.apache.catalina.core.ApplicationFilterChain.internalDoFilter(ApplicationFilterChain.java:174) ~[tomcat-embed-core-10.1.12.jar:10.1.12]
	at org.apache.catalina.core.ApplicationFilterChain.doFilter(ApplicationFilterChain.java:149) ~[tomcat-embed-core-10.1.12.jar:10.1.12]
	at org.apache.catalina.core.StandardWrapperValve.invoke(StandardWrapperValve.java:166) ~[tomcat-embed-core-10.1.12.jar:10.1.12]
	at org.apache.catalina.core.StandardContextValve.invoke(StandardContextValve.java:90) ~[tomcat-embed-core-10.1.12.jar:10.1.12]
	at org.apache.catalina.authenticator.AuthenticatorBase.invoke(AuthenticatorBase.java:482) ~[tomcat-embed-core-10.1.12.jar:10.1.12]
	at org.apache.catalina.core.StandardHostValve.invoke(StandardHostValve.java:115) ~[tomcat-embed-core-10.1.12.jar:10.1.12]
	at org.apache.catalina.valves.ErrorReportValve.invoke(ErrorReportValve.java:93) ~[tomcat-embed-core-10.1.12.jar:10.1.12]
	at org.apache.catalina.core.StandardEngineValve.invoke(StandardEngineValve.java:74) ~[tomcat-embed-core-10.1.12.jar:10.1.12]
	at org.apache.catalina.connector.CoyoteAdapter.service(CoyoteAdapter.java:341) ~[tomcat-embed-core-10.1.12.jar:10.1.12]
	at org.apache.coyote.http11.Http11Processor.service(Http11Processor.java:391) ~[tomcat-embed-core-10.1.12.jar:10.1.12]
	at org.apache.coyote.AbstractProcessorLight.process(AbstractProcessorLight.java:63) ~[tomcat-embed-core-10.1.12.jar:10.1.12]
	at org.apache.coyote.AbstractProtocol$ConnectionHandler.process(AbstractProtocol.java:894) ~[tomcat-embed-core-10.1.12.jar:10.1.12]
	at org.apache.tomcat.util.net.NioEndpoint$SocketProcessor.doRun(NioEndpoint.java:1740) ~[tomcat-embed-core-10.1.12.jar:10.1.12]
	at org.apache.tomcat.util.net.SocketProcessorBase.run(SocketProcessorBase.java:52) ~[tomcat-embed-core-10.1.12.jar:10.1.12]
	at org.apache.tomcat.util.threads.ThreadPoolExecutor.runWorker(ThreadPoolExecutor.java:1191) ~[tomcat-embed-core-10.1.12.jar:10.1.12]
	at org.apache.tomcat.util.threads.ThreadPoolExecutor$Worker.run(ThreadPoolExecutor.java:659) ~[tomcat-embed-core-10.1.12.jar:10.1.12]
	at org.apache.tomcat.util.threads.TaskThread$WrappingRunnable.run(TaskThread.java:61) ~[tomcat-embed-core-10.1.12.jar:10.1.12]
	at java.base/java.lang.Thread.run(Thread.java:840) ~[na:na]

2024-07-12T23:27:10.777+09:00  INFO 14260 --- [SpringApplicationShutdownHook] j.LocalContainerEntityManagerFactoryBean : Closing JPA EntityManagerFactory for persistence unit 'default'
2024-07-12T23:27:10.779+09:00  INFO 14260 --- [SpringApplicationShutdownHook] com.zaxxer.hikari.HikariDataSource       : HikariPool-1 - Shutdown initiated...
2024-07-12T23:27:10.864+09:00  INFO 14260 --- [SpringApplicationShutdownHook] com.zaxxer.hikari.HikariDataSource       : HikariPool-1 - Shutdown completed.
2024-07-12T23:27:15.683+09:00  INFO 13612 --- [main] c.e.t.TravelBackendApplication           : Starting TravelBackendApplication using Java 17.0.10 with PID 13612 (C:\Users\skyjo\IdeaProjects\travel_point\travel_backend\out\production\classes started by skyjo in C:\Users\skyjo\IdeaProjects\travel_point\travel_backend)
2024-07-12T23:27:15.686+09:00  INFO 13612 --- [main] c.e.t.TravelBackendApplication           : No active profile set, falling back to 1 default profile: "default"
2024-07-12T23:27:16.401+09:00  INFO 13612 --- [main] .s.d.r.c.RepositoryConfigurationDelegate : Bootstrapping Spring Data JPA repositories in DEFAULT mode.
2024-07-12T23:27:16.469+09:00  INFO 13612 --- [main] .s.d.r.c.RepositoryConfigurationDelegate : Finished Spring Data repository scanning in 62 ms. Found 6 JPA repository interfaces.
2024-07-12T23:27:16.962+09:00  INFO 13612 --- [main] o.s.b.w.embedded.tomcat.TomcatWebServer  : Tomcat initialized with port(s): 8080 (http)
2024-07-12T23:27:16.970+09:00  INFO 13612 --- [main] o.apache.catalina.core.StandardService   : Starting service [Tomcat]
2024-07-12T23:27:16.970+09:00  INFO 13612 --- [main] o.apache.catalina.core.StandardEngine    : Starting Servlet engine: [Apache Tomcat/10.1.12]
2024-07-12T23:27:17.064+09:00  INFO 13612 --- [main] o.a.c.c.C.[Tomcat].[localhost].[/]       : Initializing Spring embedded WebApplicationContext
2024-07-12T23:27:17.064+09:00  INFO 13612 --- [main] w.s.c.ServletWebServerApplicationContext : Root WebApplicationContext: initialization completed in 1343 ms
2024-07-12T23:27:17.198+09:00  INFO 13612 --- [main] o.hibernate.jpa.internal.util.LogHelper  : HHH000204: Processing PersistenceUnitInfo [name: default]
2024-07-12T23:27:17.245+09:00  INFO 13612 --- [main] org.hibernate.Version                    : HHH000412: Hibernate ORM core version 6.2.7.Final
2024-07-12T23:27:17.247+09:00  INFO 13612 --- [main] org.hibernate.cfg.Environment            : HHH000406: Using bytecode reflection optimizer
2024-07-12T23:27:17.361+09:00  INFO 13612 --- [main] o.h.b.i.BytecodeProviderInitiator        : HHH000021: Bytecode provider name : bytebuddy
2024-07-12T23:27:17.448+09:00  INFO 13612 --- [main] o.s.o.j.p.SpringPersistenceUnitInfo      : No LoadTimeWeaver setup: ignoring JPA class transformer
2024-07-12T23:27:17.459+09:00  INFO 13612 --- [main] com.zaxxer.hikari.HikariDataSource       : HikariPool-1 - Starting...
2024-07-12T23:27:17.907+09:00  INFO 13612 --- [main] com.zaxxer.hikari.pool.HikariPool        : HikariPool-1 - Added connection com.mysql.cj.jdbc.ConnectionImpl@6f112f70
2024-07-12T23:27:17.908+09:00  INFO 13612 --- [main] com.zaxxer.hikari.HikariDataSource       : HikariPool-1 - Start completed.
2024-07-12T23:27:18.149+09:00  INFO 13612 --- [main] o.h.b.i.BytecodeProviderInitiator        : HHH000021: Bytecode provider name : bytebuddy
2024-07-12T23:27:18.736+09:00  INFO 13612 --- [main] o.h.e.t.j.p.i.JtaPlatformInitiator       : HHH000490: Using JtaPlatform implementation: [org.hibernate.engine.transaction.jta.platform.internal.NoJtaPlatform]
2024-07-12T23:27:18.740+09:00  INFO 13612 --- [main] j.LocalContainerEntityManagerFactoryBean : Initialized JPA EntityManagerFactory for persistence unit 'default'
2024-07-12T23:27:18.958+09:00  WARN 13612 --- [main] ocalVariableTableParameterNameDiscoverer : Using deprecated '-debug' fallback for parameter name resolution. Compile the affected code with '-parameters' instead or avoid its introspection: com.example.travel_backend.repository.MemberRepository
2024-07-12T23:27:19.230+09:00  WARN 13612 --- [main] ocalVariableTableParameterNameDiscoverer : Using deprecated '-debug' fallback for parameter name resolution. Compile the affected code with '-parameters' instead or avoid its introspection: com.example.travel_backend.repository.FavoritesRepository
2024-07-12T23:27:19.309+09:00  INFO 13612 --- [main] o.s.d.j.r.query.QueryEnhancerFactory     : Hibernate is in classpath; If applicable, HQL parser will be used.
2024-07-12T23:27:19.497+09:00  WARN 13612 --- [main] ocalVariableTableParameterNameDiscoverer : Using deprecated '-debug' fallback for parameter name resolution. Compile the affected code with '-parameters' instead or avoid its introspection: com.example.travel_backend.repository.ReviewRepository
2024-07-12T23:27:19.548+09:00  WARN 13612 --- [main] ocalVariableTableParameterNameDiscoverer : Using deprecated '-debug' fallback for parameter name resolution. Compile the affected code with '-parameters' instead or avoid its introspection: com.example.travel_backend.repository.ReviewLikeRepository
2024-07-12T23:27:19.660+09:00  WARN 13612 --- [main] ocalVariableTableParameterNameDiscoverer : Using deprecated '-debug' fallback for parameter name resolution. Compile the affected code with '-parameters' instead or avoid its introspection: com.example.travel_backend.repository.ReportRepository
2024-07-12T23:27:19.867+09:00  WARN 13612 --- [main] JpaBaseConfiguration$JpaWebConfiguration : spring.jpa.open-in-view is enabled by default. Therefore, database queries may be performed during view rendering. Explicitly configure spring.jpa.open-in-view to disable this warning
2024-07-12T23:27:20.112+09:00  INFO 13612 --- [main] o.s.s.web.DefaultSecurityFilterChain     : Will secure any request with [org.springframework.security.web.session.DisableEncodeUrlFilter@511f21f9, org.springframework.security.web.context.request.async.WebAsyncManagerIntegrationFilter@5f97d43e, org.springframework.security.web.context.SecurityContextHolderFilter@2be9425f, org.springframework.security.web.header.HeaderWriterFilter@6311640d, org.springframework.security.web.authentication.logout.LogoutFilter@7669d7a2, org.springframework.security.oauth2.client.web.OAuth2AuthorizationRequestRedirectFilter@674f22ce, org.springframework.security.oauth2.client.web.OAuth2LoginAuthenticationFilter@5e83badc, com.example.travel_backend.jwt.JwtAuthenticationFilter@25c6a9de, org.springframework.security.web.authentication.UsernamePasswordAuthenticationFilter@729feae8, org.springframework.security.web.authentication.ui.DefaultLoginPageGeneratingFilter@3af1b643, org.springframework.security.web.authentication.ui.DefaultLogoutPageGeneratingFilter@142422a4, org.springframework.security.web.savedrequest.RequestCacheAwareFilter@57cd5cc9, org.springframework.security.web.servletapi.SecurityContextHolderAwareRequestFilter@25ee6683, org.springframework.security.web.authentication.AnonymousAuthenticationFilter@3c9cd930, org.springframework.security.web.session.SessionManagementFilter@1107cbd8, org.springframework.security.web.access.ExceptionTranslationFilter@4c5d934b, org.springframework.security.web.access.intercept.AuthorizationFilter@68fe866b]
2024-07-12T23:27:20.388+09:00  INFO 13612 --- [main] o.s.b.w.embedded.tomcat.TomcatWebServer  : Tomcat started on port(s): 8080 (http) with context path ''
2024-07-12T23:27:20.395+09:00  INFO 13612 --- [main] c.e.t.TravelBackendApplication           : Started TravelBackendApplication in 5.123 seconds (process running for 5.724)
2024-07-12T23:27:24.922+09:00  INFO 13612 --- [http-nio-8080-exec-2] o.a.c.c.C.[Tomcat].[localhost].[/]       : Initializing Spring DispatcherServlet 'dispatcherServlet'
2024-07-12T23:27:24.922+09:00  INFO 13612 --- [http-nio-8080-exec-2] o.s.web.servlet.DispatcherServlet        : Initializing Servlet 'dispatcherServlet'
2024-07-12T23:27:24.923+09:00  INFO 13612 --- [http-nio-8080-exec-2] o.s.web.servlet.DispatcherServlet        : Completed initialization in 1 ms
2024-07-12T23:27:24.933+09:00 DEBUG 13612 --- [http-nio-8080-exec-2] c.e.t.jwt.JwtAuthenticationFilter        : JWT Token: null
2024-07-12T23:27:25.066+09:00  INFO 13612 --- [http-nio-8080-exec-2] c.e.t.service.MemberService              : Attempting to authenticate user: skyjoon2@naver.com
2024-07-12T23:27:25.368+09:00 ERROR 13612 --- [http-nio-8080-exec-2] c.e.t.service.MemberService              : Login failed for user: skyjoon2@naver.com
